From Date,Dummy,CO,NO2,Ozone,PM10,PM2.5,SO2,AQI
2015-03-04,1,0.43,29.94,67.24,54.84,41.79,12.84,67.24
2015-04-04,1,6.17,54.56,23.91,112.65,71.03,21.14,112.65
2015-08-04,1,0.3,16.4,147.99,167.52,25.21,13.01,167.52
2015-09-04,1,2.03,62.37,67.27,196.2,91.29,16.76,196.2
2015-10-04,1,3.97,66.83,66.53,239.6,121.09,18.96,239.6
2015-11-04,1,6.65,59.68,33.63,158.2,61.89,18.03,158.2
2015-12-04,1,1.16,49.29,44.81,127.82,61.07,17.0,127.82
2015-04-13,1,1.17,44.15,50.89,105.83,59.23,15.71,105.83
2015-04-14,1,33.12,97.01,19.34,202.3,133.39,14.72,202.3
2015-04-15,1,17.81,56.35,29.99,130.22,68.27,15.6,130.22
2015-04-16,1,1.76,39.01,49.78,136.6,53.7,21.88,136.6
2015-04-17,1,2.0,60.77,61.18,259.84,181.28,23.17,259.84
2015-04-18,1,4.18,62.04,70.21,279.45,119.55,20.29,279.45
2015-04-19,1,4.18,68.84,57.15,413.32,140.02,16.71,413.32
2015-04-20,1,1.79,47.37,60.33,384.88,114.15,23.86,384.88
2015-04-21,1,1.89,59.64,74.96,286.09,97.56,28.28,286.09
2015-04-22,1,1.84,70.97,91.78,246.42,108.46,28.93,246.42
2015-04-23,1,10.84,100.26,80.37,314.33,150.3,28.45,314.33
2015-04-24,1,8.12,86.8,59.77,376.35,112.57,26.76,376.35
2015-04-25,1,6.29,24.79,100.48,271.91,65.99,27.77,271.91
2015-04-26,1,2.43,32.15,63.3,205.79,63.65,19.83,205.79
2015-04-27,1,1.02,30.15,87.85,178.74,72.44,18.77,178.74
2015-04-28,1,1.05,40.61,77.05,141.18,58.29,18.35,141.18
2015-04-29,1,1.02,77.88,95.69,171.69,63.9,20.5,171.69
2015-04-30,1,0.96,63.85,106.41,170.99,56.85,22.58,170.99
2015-01-05,1,1.54,106.08,93.41,152.48,63.47,31.77,152.48
2015-02-05,1,1.78,133.68,112.53,245.64,140.69,30.21,245.64
2015-03-05,1,1.31,126.67,98.71,224.45,105.74,28.61,224.45
2015-04-05,1,2.03,149.45,110.16,299.5,137.1,35.0,299.5
2015-05-05,1,9.83,140.94,78.43,390.41,152.31,36.14,390.41
2015-06-05,1,1.31,91.29,78.21,325.92,116.68,38.31,325.92
2015-07-05,1,1.14,64.84,69.26,307.11,93.28,45.8,307.11
2015-08-05,1,5.36,74.5,49.07,301.89,108.71,32.45,301.89
2015-09-05,1,10.1,26.79,94.58,252.28,104.08,32.98,252.28
2015-10-05,1,3.0,35.69,98.65,390.55,124.23,49.17,390.55
2015-11-05,1,3.31,94.26,41.91,416.24,141.02,9.74,416.24
2015-05-14,1,6.06,56.0,24.48,262.25,130.58,4.8,262.25
2015-05-15,1,1.78,80.98,73.08,148.44,88.09,11.18,148.44
2015-05-16,1,10.25,84.2,60.45,202.64,107.01,12.06,202.64
2015-05-17,1,1.66,33.53,89.3,164.25,65.51,11.26,164.25
2015-05-18,1,2.58,77.05,41.05,278.38,111.27,10.82,278.38
2015-05-19,1,1.78,44.9,50.28,127.18,60.35,10.2,127.18
2015-05-20,1,2.77,69.51,55.56,259.02,99.78,15.56,259.02
2015-05-21,1,2.16,47.82,66.72,229.2,67.34,12.81,229.2
2015-05-22,1,1.71,64.23,59.7,267.14,61.65,13.66,267.14
2015-05-23,1,1.88,72.74,98.44,222.98,73.78,24.83,222.98
2015-05-24,1,2.81,85.54,45.45,391.25,122.98,13.55,391.25
2015-05-25,1,1.09,59.11,52.25,383.01,119.27,14.35,383.01
2015-05-26,1,0.97,83.2,126.93,257.17,85.33,22.68,257.17
2015-05-27,1,0.91,78.97,57.91,615.14,210.11,18.01,615.14
2015-05-28,1,8.65,88.13,57.91,388.12,121.14,13.06,388.12
2015-05-29,1,2.68,69.45,63.4,244.78,103.28,16.33,244.78
2015-05-30,1,1.03,65.31,53.19,428.65,103.11,14.88,428.65
2015-05-31,1,1.02,47.22,75.64,233.9,56.17,13.38,233.9
2015-01-06,1,14.96,87.18,54.95,99.16,60.79,12.07,99.16
2015-02-06,1,7.14,88.75,28.05,140.1,89.94,10.4,140.1
2015-03-06,1,6.41,59.24,57.89,160.5,87.05,10.71,160.5
2015-04-06,1,32.24,145.03,25.17,213.6,150.06,6.07,213.6
2015-05-06,1,1.33,19.28,90.37,95.0,31.92,7.94,95.0
2015-06-06,1,2.74,102.03,19.33,227.26,123.95,8.34,227.26
2015-07-06,1,1.47,26.64,100.4,144.84,50.15,16.38,144.84
2015-08-06,1,1.89,46.39,69.35,230.08,57.06,12.43,230.08
2015-09-06,1,1.51,25.04,17.95,222.1,74.14,9.85,222.1
2015-10-06,1,1.43,29.81,10.15,353.86,132.96,7.78,353.86
2015-11-06,1,1.57,30.64,19.08,201.9,96.21,8.59,201.9
2015-12-06,1,1.92,48.85,13.96,194.87,88.86,7.16,194.87
2015-06-13,1,1.82,55.75,12.12,81.86,53.57,5.2,81.86
2015-06-14,1,2.07,64.08,36.27,173.29,105.19,5.46,173.29
2015-06-15,1,3.0,89.93,29.04,244.28,140.55,4.98,244.28
2015-06-16,1,2.08,62.44,41.97,240.33,132.82,5.81,240.33
2015-06-17,1,2.96,108.33,50.45,239.96,123.42,6.92,239.96
2015-06-18,1,2.68,101.05,42.45,254.87,123.28,4.43,254.87
2015-06-19,1,1.93,50.65,29.83,184.09,68.86,5.12,184.09
2015-06-20,1,1.94,59.87,32.08,94.16,46.33,2.44,94.16
2015-06-21,1,1.84,66.61,16.69,108.27,52.41,2.72,108.27
2015-06-22,1,2.09,75.6,18.72,162.71,65.81,3.96,162.71
2015-06-23,1,2.32,74.94,27.58,193.22,114.88,4.36,193.22
2015-06-24,1,1.88,59.13,41.83,74.35,49.36,8.64,74.35
2015-06-25,1,1.8,52.84,23.83,143.57,75.49,4.55,143.57
2015-06-26,1,1.36,41.48,19.14,170.32,74.78,7.43,170.32
2015-06-27,1,1.57,37.16,22.04,173.55,76.99,5.1,173.55
2015-06-28,1,1.91,40.85,33.09,139.33,69.51,10.84,139.33
2015-06-29,1,1.64,40.13,30.55,103.44,47.59,5.38,103.44
2015-06-30,1,1.77,53.05,29.26,121.55,55.95,5.69,121.55
2015-01-07,1,1.59,49.92,30.06,136.24,57.26,6.07,136.24
2015-02-07,1,1.75,35.43,22.5,225.79,83.19,29.72,225.79
2015-03-07,1,1.39,30.37,19.38,265.63,92.24,5.22,265.63
2015-04-07,1,1.57,18.15,16.72,652.38,243.77,5.87,652.38
2015-05-07,1,2.02,51.72,15.96,250.51,95.44,7.5,250.51
2015-06-07,1,1.78,49.95,19.77,77.33,57.37,4.88,77.33
2015-07-07,1,2.22,68.35,17.67,90.04,62.56,4.04,90.04
2015-08-07,1,2.59,68.99,25.11,91.55,62.95,5.23,91.55
2015-09-07,1,2.08,62.04,14.32,76.35,20.29,7.21,76.35
2015-10-07,1,17.17,54.1,17.55,40.65,29.93,4.58,54.1
2015-11-07,1,4.63,35.94,24.48,36.04,27.3,5.5,36.04
2015-12-07,1,1.69,31.81,16.71,47.42,30.26,7.05,47.42
2015-07-13,1,2.27,48.56,16.11,110.21,55.57,6.2,110.21
2015-07-14,1,1.48,33.78,15.65,159.64,58.9,5.75,159.64
2015-07-15,1,1.5,39.75,16.32,227.7,89.55,6.47,227.7
2015-07-16,1,2.57,48.71,30.09,143.57,41.32,17.54,143.57
2015-07-17,1,2.17,34.08,29.2,115.5,72.72,5.39,115.5
2015-07-18,1,1.96,63.72,47.69,112.79,64.94,5.89,112.79
2015-07-20,1,1.33,51.23,20.38,73.6,45.93,4.73,73.6
2015-07-21,1,1.1,40.42,22.44,69.15,42.24,5.13,69.15
2015-07-22,1,2.29,45.51,20.92,76.75,38.23,9.02,76.75
2015-07-23,1,1.1,44.13,23.75,88.12,46.1,5.84,88.12
2015-07-24,1,1.22,49.75,25.01,88.92,43.91,6.85,88.92
2015-07-25,1,0.98,37.79,22.83,67.88,36.41,5.13,67.88
2015-07-26,1,0.76,26.07,22.25,39.2,19.81,6.29,39.2
2015-07-27,1,0.79,33.19,22.27,43.68,17.9,5.04,43.68
2015-07-28,1,0.99,34.36,21.21,50.58,22.84,3.9,50.58
2015-07-29,1,0.92,34.38,20.29,34.98,5.64,5.65,34.98
2015-07-30,1,0.84,37.76,20.25,71.39,34.83,6.04,71.39
2015-07-31,1,0.94,35.4,20.97,93.44,39.07,5.95,93.44
2015-01-08,1,1.08,39.19,23.94,83.18,43.97,5.77,83.18
2015-02-08,1,0.97,38.33,25.53,103.16,46.69,5.46,103.16
2015-03-08,1,1.12,41.54,31.07,94.91,41.42,6.14,94.91
2015-04-08,1,1.19,54.42,29.55,100.05,57.33,5.79,100.05
2015-05-08,1,1.56,64.88,55.74,100.04,65.15,8.07,100.04
2015-06-08,1,1.23,41.26,21.84,98.83,54.59,5.97,98.83
2015-07-08,1,1.41,57.1,21.24,105.9,40.47,6.17,105.9
2015-09-08,1,1.61,50.85,48.74,120.04,95.56,8.69,120.04
2015-10-08,1,1.85,67.48,23.33,114.97,86.17,7.7,114.97
2015-11-08,1,1.16,39.09,23.94,69.69,48.36,6.67,69.69
2015-12-08,1,2.23,57.43,30.09,119.47,76.68,13.49,119.47
2015-08-13,1,1.17,57.11,34.15,114.11,66.25,8.77,114.11
2015-08-14,1,0.99,54.79,37.75,81.73,55.03,12.96,81.73
2015-08-15,1,0.99,48.97,28.46,66.04,45.61,11.05,66.04
2015-08-16,1,1.14,55.89,29.76,84.07,62.38,10.27,84.07
2015-08-17,1,1.19,58.31,27.36,124.08,72.97,13.19,124.08
2015-08-18,1,0.67,41.38,18.34,56.85,25.03,3.37,56.85
2015-08-19,1,0.49,30.33,26.44,110.79,24.67,5.96,110.79
2015-08-20,1,0.66,40.09,19.77,163.52,38.27,8.01,163.52
2015-08-21,1,0.99,44.31,19.25,188.41,47.96,9.3,188.41
2015-08-22,1,1.05,41.57,24.46,130.36,56.7,10.77,130.36
2015-08-23,1,0.85,44.57,17.67,86.63,39.45,9.25,86.63
2015-08-24,1,0.94,36.69,18.58,137.7,53.24,7.77,137.7
2015-08-25,1,1.1,47.56,38.93,142.62,59.49,6.65,142.62
2015-08-26,1,1.28,49.69,20.41,162.78,55.08,8.24,162.78
2015-08-27,1,1.39,62.07,31.07,181.57,82.26,9.62,181.57
2015-08-28,1,1.04,60.13,30.87,141.66,56.55,9.69,141.66
2015-08-29,1,1.07,49.15,20.15,132.75,54.15,7.0,132.75
2015-08-30,1,0.81,38.54,19.84,160.87,46.34,9.56,160.87
2015-08-31,1,0.73,39.69,16.41,258.34,67.49,7.91,258.34
2015-01-09,1,0.74,41.13,31.03,332.19,104.38,9.47,332.19
2015-02-09,1,0.66,48.74,37.47,308.28,103.35,8.71,308.28
2015-03-09,1,1.47,57.56,55.64,246.96,88.08,9.47,246.96
2015-04-09,1,1.7,73.32,47.04,215.27,78.15,12.2,215.27
2015-06-09,1,0.68,27.77,86.49,204.04,39.96,8.86,204.04
2015-07-09,1,1.18,69.83,62.77,209.3,51.02,7.11,209.3
2015-08-09,1,0.83,48.86,102.04,190.89,41.27,7.49,190.89
2015-09-09,1,1.02,71.23,67.67,170.56,47.5,8.31,170.56
2015-10-09,1,1.08,77.86,79.01,155.78,56.79,9.71,155.78
2015-11-09,1,1.4,91.58,82.78,164.92,76.65,8.89,164.92
2015-12-09,1,1.63,77.33,85.13,259.12,92.33,8.53,259.12
2015-09-13,1,2.26,110.84,98.3,263.36,122.17,7.42,263.36
2015-09-14,1,1.86,105.19,101.78,208.37,108.5,7.05,208.37
2015-09-15,1,1.49,68.85,59.38,203.87,100.8,8.42,203.87
2015-09-16,1,1.44,83.16,62.67,258.72,117.67,8.31,258.72
2015-09-17,1,1.39,75.02,28.79,153.19,69.31,9.63,153.19
2015-09-18,1,1.12,57.58,42.92,107.55,68.85,7.82,107.55
2015-09-19,1,1.12,53.16,53.63,119.01,65.19,6.03,119.01
2015-09-20,1,0.78,39.21,37.01,65.69,33.24,7.68,65.69
2015-09-21,1,0.75,35.06,29.8,70.7,31.59,12.42,70.7
2015-09-22,1,0.55,31.17,36.37,48.1,24.32,11.62,48.1
2015-09-23,1,1.05,47.27,42.97,112.14,43.14,10.46,112.14
2015-09-24,1,1.58,61.47,44.99,190.64,69.68,10.59,190.64
2015-09-25,1,2.37,57.16,40.18,198.92,79.21,12.21,198.92
2015-09-26,1,3.03,47.06,63.4,242.37,104.1,12.65,242.37
2015-09-27,1,1.5,42.7,52.87,159.52,65.25,9.78,159.52
2015-09-28,1,1.65,74.31,52.54,155.66,64.31,8.94,155.66
2015-09-29,1,1.23,74.36,75.21,134.65,51.1,11.84,134.65
2015-09-30,1,1.31,94.37,94.45,161.31,67.95,12.2,161.31
2015-01-10,1,2.38,104.01,85.73,199.24,90.56,11.84,199.24
2015-02-10,1,1.83,106.36,85.4,198.38,75.32,14.71,198.38
2015-03-10,1,3.57,146.16,74.9,260.65,122.28,14.23,260.65
2015-04-10,1,3.96,131.51,97.17,311.59,129.46,18.94,311.59
2015-05-10,1,4.02,126.75,48.54,321.35,134.13,15.89,321.35
2015-06-10,1,2.84,122.66,29.42,275.35,145.04,12.68,275.35
2015-07-10,1,1.37,79.87,123.81,229.11,92.56,10.7,229.11
2015-08-10,1,2.61,105.22,62.09,286.16,106.16,14.85,286.16
2015-09-10,1,3.11,89.35,48.98,298.01,103.42,11.61,298.01
2015-10-10,1,3.07,75.76,44.35,290.08,107.62,13.53,290.08
2015-11-10,1,2.75,74.25,40.11,268.56,102.75,13.92,268.56
2015-12-10,1,2.55,76.19,39.07,243.42,108.52,13.47,243.42
2015-10-13,1,1.46,64.24,48.27,192.51,85.01,9.25,192.51
2015-10-14,1,1.46,82.67,67.89,190.27,91.95,11.89,190.27
2015-10-15,1,3.26,109.96,82.93,264.98,137.27,12.89,264.98
2015-10-16,1,3.09,177.28,15.95,229.98,126.53,15.03,229.98
2015-10-18,1,3.49,114.34,85.06,312.2,178.16,12.93,312.2
2015-10-19,1,4.28,124.89,76.04,339.38,181.81,16.93,339.38
2015-10-20,1,2.89,118.05,95.3,344.89,186.29,15.57,344.89
2015-10-22,1,2.67,100.01,77.06,213.47,156.97,25.11,213.47
2015-10-23,1,3.99,122.8,85.87,337.77,166.23,26.76,337.77
2015-10-24,1,4.88,117.49,76.81,365.22,182.11,22.28,365.22
2015-10-25,1,1.33,78.56,88.68,217.62,89.01,21.58,217.62
2015-10-26,1,3.56,107.05,68.18,280.54,131.84,19.67,280.54
2015-10-27,1,4.12,90.11,34.68,267.09,114.37,20.3,267.09
2015-10-28,1,4.3,84.81,62.99,170.26,62.74,29.04,170.26
2015-10-29,1,4.3,91.18,28.79,236.53,118.54,27.65,236.53
2015-10-31,1,2.13,109.15,154.74,289.64,174.8,102.17,289.64
2015-01-11,1,4.87,94.81,83.56,423.05,100.01,62.93,423.05
2015-02-11,1,5.71,110.75,62.08,418.54,238.56,48.78,418.54
2015-03-11,1,5.32,91.2,72.24,460.31,275.8,53.36,460.31
2015-04-11,1,3.71,93.17,41.23,306.89,169.15,29.25,306.89
2015-05-11,1,1.71,65.52,62.6,194.58,90.4,28.86,194.58
2015-06-11,1,3.64,139.85,50.18,519.83,336.35,36.59,519.83
2015-07-11,1,4.54,139.68,35.2,393.35,250.47,30.26,393.35
2015-08-11,1,1.71,89.27,92.13,307.73,176.26,61.19,307.73
2015-09-11,1,6.33,89.26,81.74,447.71,266.22,61.6,447.71
2015-10-11,1,3.3,101.91,55.48,490.52,320.87,37.53,490.52
2015-11-11,1,1.95,76.85,89.52,555.24,362.94,59.12,555.24
2015-12-11,1,2.68,103.15,66.45,475.25,338.91,31.83,475.25
2015-11-13,1,2.45,100.11,52.43,391.83,260.85,28.9,391.83
2015-11-14,1,2.45,102.18,79.21,337.05,206.34,29.43,337.05
2015-11-15,1,5.25,103.04,16.74,479.74,243.06,46.29,479.74
2015-11-16,1,12.12,128.78,5.4,235.5,74.33,39.81,235.5
2015-11-17,1,4.81,76.84,46.34,405.99,202.27,38.51,405.99
2015-11-18,1,5.34,107.55,36.85,469.96,274.01,40.49,469.96
2015-11-19,1,5.29,113.89,33.86,573.14,310.32,43.64,573.14
2015-11-20,1,5.04,95.3,47.73,513.73,296.28,38.02,513.73
2015-11-21,1,4.75,94.76,46.4,460.74,270.2,41.03,460.74
2015-11-22,1,5.22,105.47,39.52,593.71,293.4,47.27,593.71
2015-11-23,1,5.62,106.54,39.03,599.42,308.3,51.71,599.42
2015-11-24,1,2.35,91.71,39.03,355.92,181.73,29.93,355.92
2015-11-25,1,2.4,84.75,51.02,359.87,208.51,44.67,359.87
2015-11-26,1,2.86,94.35,42.36,483.25,196.8,29.46,483.25
2015-11-27,1,2.24,60.58,33.84,343.5,208.14,23.74,343.5
2015-11-28,1,2.42,112.69,32.96,401.58,221.94,48.71,401.58
2015-11-29,1,5.88,88.32,41.17,534.28,325.51,46.67,534.28
2015-11-30,1,3.04,82.54,59.42,385.96,219.39,24.45,385.96
2015-01-12,1,2.45,85.33,14.8,386.75,204.54,49.67,386.75
2015-02-12,1,2.92,74.65,16.84,476.37,230.35,32.57,476.37
2015-03-12,1,1.69,79.47,19.98,468.24,187.9,23.28,468.24
2015-04-12,1,6.02,65.95,23.02,502.47,576.29,54.92,576.29
2015-05-12,1,6.23,67.73,25.24,508.22,123.03,48.86,508.22
2015-06-12,1,4.37,54.32,26.09,460.6,231.81,37.3,460.6
2015-07-12,1,5.33,58.78,21.57,508.35,209.06,39.49,508.35
2015-08-12,1,5.76,67.41,21.82,479.61,212.17,35.84,479.61
2015-09-12,1,2.57,76.46,24.66,359.39,221.49,26.91,359.39
2015-10-12,1,3.41,87.7,14.36,481.26,235.01,33.86,481.26
2015-11-12,1,2.58,73.23,13.2,399.77,152.95,35.25,399.77
2015-12-12,1,1.66,77.25,19.29,261.26,21.61,31.99,261.26
2015-12-21,1,2.0,102.54,63.0,390.17,198.19,57.58,390.17
2015-12-22,1,6.02,93.24,58.86,731.04,444.83,47.23,731.04
2015-12-23,1,1.74,100.62,74.95,401.72,216.4,28.13,401.72
2015-12-24,1,2.02,77.2,68.3,299.25,186.72,28.87,299.25
2015-12-25,1,2.02,85.13,75.14,328.63,196.68,41.23,328.63
2015-12-26,1,2.72,88.36,68.95,414.22,277.38,38.74,414.22
2015-12-27,1,1.37,82.06,88.58,328.74,186.64,31.62,328.74
2015-12-28,1,1.45,89.88,71.52,379.92,208.17,36.88,379.92
2015-12-29,1,2.13,96.18,53.69,340.23,221.12,35.1,340.23
2015-12-30,1,4.55,81.63,51.37,425.16,297.43,40.04,425.16
2015-12-31,1,4.4,115.15,46.44,502.29,346.66,42.4,502.29
2016-01-01,1,3.03,80.66,53.93,514.56,355.89,50.1,514.56
2016-02-01,1,2.57,94.62,60.68,469.17,349.36,34.22,469.17
2016-03-01,1,5.89,96.71,17.02,596.1,418.56,68.02,596.1
2016-04-01,1,4.56,112.14,43.08,566.3,367.67,45.34,566.3
2016-05-01,1,7.89,125.64,16.63,587.29,357.45,54.1,587.29
2016-06-01,1,7.15,91.13,43.75,540.48,371.29,39.43,540.48
2016-07-01,1,5.91,75.97,37.43,624.98,360.81,36.79,624.98
2016-08-01,1,1.78,74.18,33.98,352.83,221.03,30.96,352.83
2016-09-01,1,2.06,83.99,57.44,257.04,150.53,28.16,257.04
2016-10-01,1,5.37,58.25,77.95,447.78,254.08,46.77,447.78
2016-11-01,1,4.77,68.3,70.3,440.11,199.68,48.53,440.11
2016-12-01,1,2.7,86.53,67.53,384.33,212.51,25.9,384.33
2016-01-13,1,1.67,76.16,47.27,386.51,252.55,20.45,386.51
2016-01-14,1,1.63,67.07,26.34,312.59,180.83,19.96,312.59
2016-01-15,1,0.91,51.88,58.83,245.24,128.97,17.73,245.24
2016-01-16,1,1.1,74.02,50.18,233.78,153.85,28.16,233.78
2016-01-17,1,3.04,83.42,53.0,449.71,260.81,30.64,449.71
2016-01-18,1,2.39,93.26,27.53,437.45,242.62,24.69,437.45
2016-01-19,1,1.64,81.89,72.1,427.12,252.32,30.53,427.12
2016-01-20,1,1.82,78.8,80.84,393.59,175.83,24.2,393.59
2016-01-21,1,3.37,89.99,79.01,448.5,281.94,34.83,448.5
2016-01-22,1,3.16,87.64,94.46,527.53,268.62,27.03,527.53
2016-01-23,1,3.48,100.93,75.41,464.36,287.03,33.26,464.36
2016-01-24,1,1.64,85.41,57.34,344.77,213.45,29.12,344.77
2016-01-25,1,2.65,101.79,55.09,496.24,293.45,26.88,496.24
2016-01-26,1,2.93,87.27,67.39,388.86,244.82,24.54,388.86
2016-01-27,1,4.74,93.3,34.62,486.04,178.4,52.42,486.04
2016-01-28,1,4.04,110.44,47.28,469.74,142.26,38.04,469.74
2016-01-29,1,3.9,123.01,48.64,489.21,238.18,45.14,489.21
2016-01-30,1,6.81,111.57,43.92,574.3,177.8,39.84,574.3
2016-01-31,1,1.35,84.08,48.16,270.02,146.03,25.47,270.02
2016-01-02,1,1.47,92.86,59.33,329.88,142.82,25.91,329.88
2016-02-02,1,1.86,92.55,63.4,419.54,158.65,45.96,419.54
2016-03-02,1,1.32,95.29,62.17,302.23,117.14,34.53,302.23
2016-04-02,1,2.77,99.37,74.21,459.88,159.0,61.51,459.88
2016-05-02,1,4.55,85.88,67.39,421.77,70.33,49.45,421.77
2016-06-02,1,2.11,109.35,38.61,307.16,186.04,28.29,307.16
2016-07-02,1,1.57,72.0,48.88,205.79,121.52,28.44,205.79
2016-08-02,1,1.92,80.27,59.99,308.69,178.21,30.79,308.69
2016-09-02,1,2.76,93.01,77.86,403.32,205.29,40.34,403.32
2016-10-02,1,2.72,76.75,74.93,339.73,132.1,27.82,339.73
2016-11-02,1,2.73,99.01,49.22,419.26,127.71,39.52,419.26
2016-12-02,1,1.77,94.84,33.39,379.1,141.17,30.75,379.1
2016-02-13,1,1.28,63.37,62.42,197.13,99.82,27.66,197.13
2016-02-14,1,1.69,84.15,64.22,287.35,109.84,30.52,287.35
2016-02-15,1,1.62,90.78,68.38,295.82,117.59,39.45,295.82
2016-02-16,1,1.62,106.48,57.79,290.3,115.21,41.08,290.3
2016-02-17,1,1.85,100.71,26.6,287.83,144.31,40.93,287.83
2016-02-18,1,1.94,77.46,31.18,327.16,175.6,44.15,327.16
2016-02-19,1,2.94,65.57,22.83,292.24,139.6,33.66,292.24
2016-02-20,1,0.88,30.73,60.93,137.54,59.26,17.89,137.54
2016-02-21,1,0.88,44.93,93.75,151.99,66.93,28.19,151.99
2016-02-22,1,1.08,76.62,80.42,226.48,72.61,60.87,226.48
2016-02-23,1,3.65,128.7,43.29,386.67,94.61,95.35,386.67
2016-02-24,1,3.34,127.19,54.59,337.58,63.47,29.71,337.58
2016-02-25,1,1.62,69.04,79.27,264.62,102.85,21.47,264.62
2016-02-26,1,3.85,116.24,75.37,431.01,24.68,41.44,431.01
2016-02-27,1,3.5,95.78,68.2,228.12,45.47,37.93,228.12
2016-02-29,1,4.19,103.84,82.02,276.4,197.8,3.72,276.4
2016-02-03,1,3.67,113.32,81.24,297.94,49.47,10.12,297.94
2016-03-03,1,2.05,88.78,74.49,284.16,124.49,10.16,284.16
2016-06-03,1,1.33,65.78,64.24,192.73,77.75,27.56,192.73
2016-07-03,1,1.18,52.7,83.4,161.92,90.51,79.48,161.92
2016-08-03,1,1.62,69.13,78.03,175.0,90.49,101.27,175.0
2016-03-13,1,0.62,48.78,127.64,71.89,39.74,44.25,127.64
2016-03-14,1,2.92,74.91,64.62,196.02,97.31,74.56,196.02
2016-03-15,1,0.77,33.63,158.46,110.67,56.72,108.56,158.46
2016-03-16,1,1.11,69.08,71.89,146.58,43.3,38.49,146.58
2016-03-17,1,1.21,77.61,64.35,173.69,74.33,98.09,173.69
2016-03-18,1,3.54,103.34,59.96,307.85,131.03,27.18,307.85
2016-03-19,1,2.44,65.0,74.5,208.41,112.59,29.95,208.41
2016-03-20,1,1.49,63.01,73.97,152.24,64.67,26.82,152.24
2016-03-21,1,1.5,29.24,123.41,135.53,35.55,21.87,135.53
2016-03-22,1,1.5,46.55,112.58,126.83,55.12,32.09,126.83
2016-03-23,1,1.32,76.1,86.3,326.23,190.7,32.37,326.23
2016-03-24,1,2.63,91.98,87.14,282.63,142.86,35.02,282.63
2016-03-25,1,1.87,75.58,34.86,193.59,90.36,30.65,193.59
2016-03-26,1,0.79,42.11,88.34,149.33,57.35,26.72,149.33
2016-03-27,1,1.11,69.89,88.5,101.83,79.78,45.0,101.83
2016-03-28,1,1.01,69.25,98.34,175.9,85.82,45.97,175.9
2016-03-30,1,3.55,103.19,60.1,309.02,142.02,37.78,309.02
2016-09-04,1,1.02,69.79,96.6,182.57,77.42,44.58,182.57
2016-10-04,1,1.1,62.88,73.99,283.36,93.92,30.22,283.36
2016-11-04,1,0.57,36.92,118.57,233.15,74.3,29.67,233.15
2016-12-04,1,0.75,48.14,111.83,311.31,96.72,39.26,311.31
2016-04-13,1,1.87,72.2,80.91,310.79,124.51,55.57,310.79
2016-04-14,1,1.7,81.6,82.56,321.18,139.88,56.1,321.18
2016-04-15,1,5.43,135.09,26.51,367.77,133.06,51.91,367.77
2016-04-16,1,0.34,20.7,120.04,321.13,102.0,22.92,321.13
2016-04-17,1,0.87,55.88,66.82,275.15,100.11,33.06,275.15
2016-04-18,1,2.72,93.65,74.49,380.72,163.21,52.57,380.72
2016-04-19,1,1.82,67.15,80.24,355.68,134.69,49.61,355.68
2016-04-20,1,0.75,47.06,117.38,377.63,119.95,35.47,377.63
2016-04-21,1,1.19,78.86,92.77,316.19,134.81,46.24,316.19
2016-04-22,1,0.87,60.5,110.69,232.79,113.71,37.03,232.79
2016-04-23,1,2.9,97.26,136.51,342.9,181.01,56.25,342.9
2016-04-24,1,1.92,86.34,147.13,276.22,124.87,45.51,276.22
2016-04-25,1,3.6,129.58,132.71,326.85,154.94,44.43,326.85
2016-04-26,1,4.38,141.62,125.08,416.72,209.57,38.66,416.72
2016-04-27,1,3.24,108.75,130.42,562.78,261.08,60.77,562.78
2016-04-28,1,3.1,104.63,135.34,414.47,211.27,58.78,414.47
2016-04-29,1,4.61,178.68,61.55,350.89,155.85,45.8,350.89
2016-02-05,1,1.11,88.28,140.38,341.56,117.65,39.8,341.56
2016-03-05,1,1.31,95.64,52.24,415.38,166.56,43.1,415.38
2016-04-05,1,1.21,74.46,57.01,197.68,83.44,34.96,197.68
2016-05-05,1,0.65,53.5,90.75,118.56,51.99,30.47,118.56
2016-06-05,1,1.27,77.64,109.29,170.67,83.2,28.0,170.67
2016-07-05,1,1.58,97.5,97.43,235.88,111.54,39.61,235.88
2016-08-05,1,1.13,63.39,74.23,190.78,93.15,32.72,190.78
2016-09-05,1,1.05,65.36,80.26,174.03,86.52,36.62,174.03
2016-10-05,1,1.03,69.32,111.33,116.88,60.7,29.44,116.88
2016-11-05,1,1.15,62.6,73.72,147.83,78.74,21.54,147.83
2016-12-05,1,1.43,96.66,79.71,186.33,86.88,26.38,186.33
2016-05-13,1,1.24,77.32,107.39,224.2,93.75,26.98,224.2
2016-05-14,1,3.35,140.14,128.07,334.79,144.34,49.07,334.79
2016-05-15,1,2.06,98.11,83.48,274.03,122.33,36.07,274.03
2016-05-16,1,1.26,81.33,88.9,241.58,118.08,54.82,241.58
2016-05-17,1,1.76,113.45,73.46,257.96,126.12,53.83,257.96
2016-05-18,1,2.4,103.83,64.11,307.99,175.53,60.13,307.99
2016-05-19,1,32.19,58.17,45.44,212.16,63.82,24.47,212.16
2016-05-20,1,1.5,64.61,20.25,329.77,115.68,19.27,329.77
2016-05-21,1,1.0,44.1,47.22,209.17,84.78,20.29,209.17
2016-05-22,1,1.06,75.99,57.06,279.04,119.29,30.32,279.04
2016-05-23,1,0.67,43.38,50.81,103.25,48.27,21.34,103.25
2016-05-24,1,1.38,81.24,36.56,327.3,129.29,19.13,327.3
2016-05-25,1,0.87,65.53,40.5,339.74,134.18,16.53,339.74
2016-05-26,1,0.86,69.49,85.37,649.24,296.55,21.64,649.24
2016-05-27,1,0.81,57.02,42.53,462.01,168.17,22.67,462.01
2016-05-28,1,0.93,46.08,94.33,220.02,82.32,16.81,220.02
2016-05-29,1,0.77,43.86,64.03,164.7,60.63,16.14,164.7
2016-05-30,1,1.66,69.1,61.52,177.74,77.44,13.12,177.74
2016-05-31,1,0.79,49.59,57.13,178.75,72.44,14.85,178.75
2016-01-06,1,0.9,64.77,70.68,250.31,96.54,21.73,250.31
2016-02-06,1,1.87,93.32,106.94,308.88,119.02,27.16,308.88
2016-03-06,1,2.21,101.56,86.53,284.8,127.46,20.14,284.8
2016-04-06,1,1.5,63.56,45.75,221.54,99.85,17.05,221.54
2016-05-06,1,0.91,47.66,61.42,230.89,90.09,16.24,230.89
2016-06-06,1,1.91,61.22,30.47,223.8,89.26,17.44,223.8
2016-07-06,1,4.56,76.15,47.44,151.62,71.9,24.48,151.62
2016-08-06,1,0.98,59.29,33.03,225.97,88.67,17.81,225.97
2016-09-06,1,1.09,58.84,48.48,306.52,111.3,27.02,306.52
2016-10-06,1,0.78,55.18,64.66,196.17,75.04,16.27,196.17
2016-11-06,1,0.69,42.21,83.51,206.04,77.42,16.88,206.04
2016-12-06,1,0.82,47.11,41.58,353.31,136.51,19.55,353.31
2016-06-13,1,0.54,31.76,39.93,212.94,79.85,12.16,212.94
2016-06-14,1,1.22,62.49,18.47,367.39,144.41,15.83,367.39
2016-06-15,1,0.86,43.66,17.24,180.14,72.99,14.05,180.14
2016-06-16,1,0.84,46.35,29.97,124.53,54.93,16.75,124.53
2016-06-17,1,1.15,51.58,18.05,208.58,80.02,15.13,208.58
2016-06-20,1,1.02,47.92,12.71,77.64,11.24,9.97,77.64
2016-06-21,1,1.26,43.31,42.28,69.72,20.8,13.18,69.72
2016-06-22,1,1.18,45.92,34.71,140.9,45.27,14.78,140.9
2016-06-23,1,1.12,47.18,39.74,359.98,70.88,15.11,359.98
2016-06-24,1,1.43,54.9,37.37,264.02,80.75,17.83,264.02
2016-06-26,1,0.8,44.05,36.48,142.43,60.95,3.51,142.43
2016-06-27,1,1.02,52.92,38.1,104.3,48.74,8.46,104.3
2016-06-28,1,0.94,51.79,27.79,93.64,38.0,9.08,93.64
2016-06-29,1,0.96,43.84,26.95,106.59,38.33,8.63,106.59
2016-06-30,1,0.87,34.73,37.38,82.45,31.69,8.17,82.45
2016-01-07,1,0.94,47.29,33.85,62.92,23.36,7.77,62.92
2016-02-07,1,0.97,52.86,32.21,93.65,41.72,8.81,93.65
2016-03-07,1,1.05,55.31,45.07,97.02,50.59,9.15,97.02
2016-04-07,1,1.26,51.82,25.19,120.46,58.38,9.94,120.46
2016-05-07,1,1.29,59.13,29.42,172.8,72.04,8.89,172.8
2016-06-07,1,0.78,30.55,10.52,96.33,38.67,7.41,96.33
2016-07-07,1,1.06,53.01,19.99,131.48,51.43,10.98,131.48
2016-08-07,1,1.21,56.29,21.01,122.55,52.75,8.7,122.55
2016-09-07,1,0.8,37.07,23.02,74.28,34.39,9.45,74.28
2016-10-07,1,0.87,48.5,23.05,90.55,41.39,9.59,90.55
2016-11-07,1,0.81,39.93,22.13,79.94,28.33,8.95,79.94
2016-12-07,1,0.8,46.91,24.36,118.7,49.16,13.96,118.7
2016-07-13,1,0.9,47.17,43.88,90.62,41.29,13.84,90.62
2016-07-14,1,1.11,46.39,21.13,61.18,30.93,9.45,61.18
2016-07-15,1,0.9,40.16,21.26,70.35,29.28,8.19,70.35
2016-07-16,1,0.68,24.49,24.2,42.6,22.5,6.76,42.6
2016-07-17,1,0.84,40.82,22.8,56.81,12.28,8.11,56.81
2016-07-18,1,1.02,39.13,13.04,105.44,39.81,10.57,105.44
2016-07-19,1,0.78,37.45,18.19,159.08,36.61,11.39,159.08
2016-07-20,1,0.91,41.44,21.72,173.35,47.5,8.48,173.35
2016-07-21,1,1.86,42.16,21.68,174.84,44.19,9.87,174.84
2016-07-22,1,0.78,29.27,27.01,120.98,47.36,8.45,120.98
2016-07-23,1,1.18,54.47,59.03,167.57,84.0,10.01,167.57
2016-07-24,1,1.58,69.51,41.33,174.79,60.87,9.27,174.79
2016-07-25,1,1.2,52.03,30.89,135.45,28.56,7.95,135.45
2016-07-26,1,0.91,38.75,22.09,65.02,33.7,6.69,65.02
2016-07-27,1,1.22,44.22,46.37,74.42,41.71,9.77,74.42
2016-07-28,1,1.44,53.16,113.19,84.87,40.21,6.66,113.19
2016-07-31,1,0.94,36.99,22.56,58.22,10.09,9.57,58.22
2016-01-08,1,1.01,39.45,22.97,51.36,24.76,9.25,51.36
2016-07-08,1,0.84,40.09,21.25,65.08,46.78,8.44,65.08
2016-08-08,1,0.82,33.7,26.93,60.07,26.49,7.7,60.07
2016-09-08,1,1.01,38.62,24.63,79.31,32.84,9.44,79.31
2016-10-08,1,0.85,34.73,21.64,50.33,22.3,8.35,50.33
2016-11-08,1,1.01,39.76,36.22,115.71,40.43,9.2,115.71
2016-12-08,1,1.1,36.79,24.99,66.01,40.35,9.08,66.01
2016-08-13,1,1.09,41.47,24.07,73.78,38.49,8.73,73.78
2016-08-14,1,1.16,30.9,25.47,103.11,51.89,9.9,103.11
2016-08-15,1,0.54,26.61,23.95,110.0,53.48,6.44,110.0
2016-08-16,1,0.71,35.46,26.26,138.73,64.21,7.82,138.73
2016-08-17,1,1.17,51.24,67.45,114.05,62.44,9.65,114.05
2016-08-18,1,1.43,48.07,50.82,100.69,52.59,11.47,100.69
2016-08-19,1,1.32,44.09,20.37,103.97,69.35,10.91,103.97
2016-08-20,1,0.7,26.98,14.81,64.65,29.43,8.05,64.65
2016-08-21,1,0.7,28.4,12.5,62.89,27.99,8.95,62.89
2016-08-22,1,0.77,40.62,10.07,78.72,37.13,8.94,78.72
2016-08-23,1,0.82,39.76,10.13,85.28,42.43,8.89,85.28
2016-08-24,1,0.75,19.21,17.9,38.21,24.36,4.57,38.21
2016-08-25,1,1.7,44.53,14.21,99.29,50.37,8.46,99.29
2016-08-27,1,0.69,24.18,15.54,62.8,29.78,5.84,62.8
2016-08-28,1,0.86,44.32,15.18,84.85,45.95,7.32,84.85
2016-08-29,1,1.05,45.15,17.12,63.78,34.75,7.84,63.78
2016-08-30,1,0.99,45.1,9.91,66.58,31.87,8.72,66.58
2016-08-31,1,0.85,41.32,12.41,53.13,21.9,6.88,53.13
2016-01-09,1,0.96,37.55,11.36,77.9,39.03,9.16,77.9
2016-02-09,1,0.8,36.35,15.56,112.83,46.85,9.43,112.83
2016-03-09,1,0.86,34.02,10.64,119.65,49.96,8.59,119.65
2016-04-09,1,0.6,27.14,13.7,126.73,50.42,8.98,126.73
2016-05-09,1,0.6,30.5,10.62,136.73,53.78,8.83,136.73
2016-06-09,1,0.59,31.59,12.25,143.07,57.34,14.44,143.07
2016-07-09,1,0.8,36.32,12.71,155.84,63.11,16.67,155.84
2016-08-09,1,1.02,38.55,20.47,154.06,60.34,16.82,154.06
2016-09-09,1,0.81,34.69,17.11,114.55,49.75,16.82,114.55
2016-10-09,1,0.85,34.4,19.68,105.88,46.36,15.6,105.88
2016-11-09,1,1.03,38.29,18.84,134.25,55.27,13.1,134.25
2016-12-09,1,1.24,44.37,22.91,127.66,59.6,18.04,127.66
2016-09-13,1,0.84,46.08,21.55,90.09,48.08,15.66,90.09
2016-09-14,1,1.99,50.83,39.35,154.11,80.42,17.17,154.11
2016-09-15,1,1.25,63.72,32.79,140.55,69.83,17.34,140.55
2016-09-16,1,1.51,66.46,34.05,157.92,80.06,17.04,157.92
2016-09-17,1,1.47,66.82,36.0,184.87,96.01,16.37,184.87
2016-09-18,1,1.39,62.7,32.62,146.63,77.87,16.77,146.63
2016-09-19,1,2.48,80.22,49.22,204.8,106.25,15.24,204.8
2016-09-20,1,2.98,83.55,21.22,199.82,98.7,15.29,199.82
2016-09-21,1,1.42,39.22,19.99,88.92,40.13,12.06,88.92
2016-09-22,1,1.43,42.21,33.78,77.4,38.47,14.74,77.4
2016-09-23,1,1.99,63.88,46.0,129.47,61.98,12.75,129.47
2016-09-24,1,2.04,56.3,36.98,126.74,59.53,15.33,126.74
2016-09-25,1,2.54,61.49,37.32,154.8,76.34,15.06,154.8
2016-09-26,1,2.22,53.44,32.31,145.63,69.98,18.04,145.63
2016-09-27,1,1.72,79.04,95.5,161.76,82.05,7.81,161.76
2016-09-28,1,2.32,76.79,44.05,217.78,108.54,18.06,217.78
2016-09-29,1,1.73,54.2,45.29,139.3,71.98,15.53,139.3
2016-09-30,1,2.81,79.83,33.86,223.03,112.9,19.0,223.03
2016-01-10,1,2.44,58.86,26.48,168.04,83.37,19.03,168.04
2016-02-10,1,3.19,65.87,26.23,219.19,104.62,18.22,219.19
2016-03-10,1,2.55,88.91,28.56,266.27,140.48,15.35,266.27
2016-04-10,1,1.87,77.93,9.85,118.65,59.61,13.34,118.65
2016-05-10,1,2.56,83.32,21.32,196.08,97.25,16.84,196.08
2016-06-10,1,2.14,81.69,28.84,222.34,111.1,15.35,222.34
2016-07-10,1,3.36,81.34,40.41,244.51,121.8,16.64,244.51
2016-08-10,1,3.56,88.06,82.67,277.86,135.68,16.2,277.86
2016-09-10,1,2.65,90.19,54.87,238.32,113.08,13.26,238.32
2016-10-10,1,2.24,88.19,72.28,267.9,117.71,14.0,267.9
2016-11-10,1,2.7,76.45,56.21,271.93,122.18,19.71,271.93
2016-12-10,1,2.99,82.44,44.82,221.7,91.41,15.7,221.7
2016-10-13,1,2.84,76.48,46.51,236.5,96.66,20.69,236.5
2016-10-14,1,3.58,97.42,78.14,296.82,135.31,19.47,296.82
2016-10-15,1,3.03,89.75,69.31,262.88,119.55,21.07,262.88
2016-10-16,1,3.47,83.23,62.59,302.99,136.64,29.26,302.99
2016-10-17,1,3.75,95.79,64.28,341.52,151.23,28.77,341.52
2016-10-18,1,3.65,92.9,57.48,331.25,143.11,25.56,331.25
2016-10-19,1,3.5,78.02,46.22,336.58,133.44,24.26,336.58
2016-10-20,1,3.09,69.02,46.44,303.11,111.05,25.06,303.11
2016-10-21,1,2.6,68.2,43.58,349.88,129.97,27.59,349.88
2016-10-22,1,3.08,76.93,68.97,358.85,161.47,23.12,358.85
2016-10-23,1,1.83,83.32,55.02,321.3,143.35,22.05,321.3
2016-10-24,1,3.4,70.5,42.31,318.27,123.35,31.24,318.27
2016-10-25,1,3.67,91.51,51.37,355.68,154.76,32.24,355.68
2016-10-26,1,4.73,109.57,71.69,549.49,266.06,31.23,549.49
2016-10-27,1,3.88,93.99,67.62,546.92,262.0,20.0,546.92
2016-10-28,1,4.5,143.37,50.7,562.16,265.17,34.93,562.16
2016-10-29,1,4.4,113.41,47.86,613.31,316.11,30.09,613.31
2016-10-30,1,3.74,112.11,58.29,874.85,414.18,75.49,874.85
2016-10-31,1,4.0,112.84,49.49,682.67,386.34,35.46,682.67
2016-01-11,1,4.74,144.55,40.95,775.1,429.45,30.91,775.1
2016-03-11,1,4.55,123.01,51.67,495.57,253.71,30.17,495.57
2016-04-11,1,4.67,126.06,36.86,948.06,535.21,25.4,948.06
2016-06-11,1,5.75,117.16,47.01,862.87,570.4,28.99,862.87
2016-07-11,1,2.65,84.36,54.13,550.39,311.47,24.6,550.39
2016-08-11,1,2.75,103.79,60.05,459.91,258.37,30.7,459.91
2016-09-11,1,3.51,120.34,60.45,503.8,240.59,33.87,503.8
2016-10-11,1,4.9,126.68,65.17,559.49,286.33,37.67,559.49
2016-11-11,1,4.83,106.97,59.12,485.01,258.59,25.59,485.01
2016-12-11,1,3.57,102.64,58.42,388.23,215.18,32.67,388.23
2016-11-13,1,6.91,125.72,45.9,428.84,207.09,40.35,428.84
2016-11-14,1,3.82,128.26,36.76,462.74,232.86,22.56,462.74
2016-11-15,1,3.34,122.15,43.15,461.19,234.66,34.42,461.19
2016-11-16,1,2.33,115.73,37.52,440.91,218.23,34.52,440.91
2016-11-17,1,2.09,114.74,35.6,434.1,194.88,31.85,434.1
2016-11-18,1,2.85,127.23,40.2,434.53,215.22,36.37,434.53
2016-11-19,1,4.26,121.38,42.27,461.22,232.27,31.73,461.22
2016-11-20,1,5.21,106.94,39.4,462.24,227.22,31.08,462.24
2016-11-21,1,4.1,115.0,29.21,390.78,170.54,43.03,390.78
2016-11-22,1,4.1,96.94,32.0,338.22,151.58,32.1,338.22
2016-11-23,1,4.1,121.34,32.53,484.43,225.07,35.61,484.43
2016-11-24,1,1.69,84.68,41.86,417.75,170.57,33.51,417.75
2016-11-25,1,1.09,69.73,45.19,295.66,121.2,38.35,295.66
2016-11-26,1,1.39,82.32,39.79,273.6,61.31,35.43,273.6
2016-11-27,1,1.33,78.19,38.86,244.99,34.26,45.66,244.99
2016-11-28,1,3.63,130.93,37.32,424.33,172.19,38.77,424.33
2016-11-29,1,5.23,112.54,11.39,465.71,62.37,28.12,465.71
2016-11-30,1,3.84,69.98,16.31,395.77,212.41,24.56,395.77
2016-01-12,1,3.01,90.65,15.57,469.74,236.88,28.48,469.74
2016-02-12,1,2.25,105.8,12.29,328.74,165.12,32.34,328.74
2016-03-12,1,3.76,103.91,2.2,369.81,194.48,28.73,369.81
2016-04-12,1,3.24,103.63,16.49,428.97,211.88,33.93,428.97
2016-05-12,1,3.98,143.26,12.6,460.19,251.32,39.6,460.19
2016-06-12,1,3.19,104.67,22.39,412.15,249.61,29.62,412.15
2016-07-12,1,3.28,92.7,15.4,384.39,227.59,28.65,384.39
2016-08-12,1,4.27,78.59,25.24,441.27,263.31,33.08,441.27
2016-09-12,1,3.14,95.8,15.81,333.44,205.49,27.8,333.44
2016-10-12,1,2.35,74.93,27.91,259.32,169.24,29.52,259.32
2016-11-12,1,3.71,84.46,24.93,354.0,207.25,30.45,354.0
2016-12-12,1,4.0,89.46,21.89,433.89,227.4,29.52,433.89
2016-12-13,1,3.12,74.43,22.91,370.15,181.88,25.28,370.15
2016-12-14,1,2.0,79.5,29.03,317.37,151.2,26.45,317.37
2016-12-15,1,3.48,90.07,29.94,409.26,203.05,38.84,409.26
2016-12-16,1,3.81,97.28,30.34,457.72,262.9,32.2,457.72
2016-12-17,1,3.16,84.59,38.72,373.81,240.65,30.2,373.81
2016-12-18,1,3.29,91.92,20.69,447.48,281.52,33.46,447.48
2016-12-19,1,1.51,75.14,16.18,304.14,174.92,38.16,304.14
2016-12-20,1,1.46,61.45,25.12,296.23,127.14,33.79,296.23
2016-12-21,1,2.08,76.48,18.17,323.33,152.31,38.06,323.33
2016-12-22,1,5.41,102.1,25.75,537.21,113.09,30.5,537.21
2017-02-01,1,2.52,72.38,24.14,288.7,6.17,24.93,288.7
2017-03-01,1,4.13,54.22,31.56,388.76,14.98,25.75,388.76
2017-04-01,1,2.95,61.34,32.16,272.72,81.89,23.86,272.72
2017-05-01,1,3.67,62.67,28.26,352.08,241.73,24.87,352.08
2017-06-01,1,1.77,40.76,13.86,186.66,171.75,23.16,186.66
2017-07-01,1,1.53,46.04,27.28,169.47,55.57,23.31,169.47
2017-08-01,1,2.03,63.92,23.99,244.39,186.66,25.9,244.39
2017-09-01,1,1.66,57.13,35.64,196.81,134.08,25.56,196.81
2017-10-01,1,1.75,66.96,35.4,220.79,155.51,26.64,220.79
2017-11-01,1,2.71,74.87,42.16,347.29,256.52,28.18,347.29
2017-12-01,1,2.72,82.72,41.52,393.21,73.97,34.79,393.21
2017-01-13,1,6.56,111.27,21.63,642.98,352.18,32.61,642.98
2017-01-14,1,1.19,52.77,93.37,185.75,96.61,25.9,185.75
2017-01-15,1,2.21,69.9,25.6,310.48,216.87,29.51,310.48
2017-01-16,1,1.19,44.07,29.57,167.29,122.4,25.28,167.29
2017-01-17,1,2.06,81.06,20.63,264.54,128.2,27.64,264.54
2017-01-18,1,1.74,73.98,35.15,230.67,169.86,25.03,230.67
2017-01-19,1,1.36,60.84,40.3,204.99,116.7,24.61,204.99
2017-01-22,1,1.3,61.05,62.58,227.88,34.62,25.29,227.88
2017-01-23,1,2.82,92.48,33.0,363.63,245.88,27.08,363.63
2017-01-24,1,4.96,86.33,26.3,454.19,299.41,28.51,454.19
2017-01-25,1,1.66,64.54,17.66,227.28,190.23,27.01,227.28
2017-01-26,1,0.99,38.36,27.84,62.27,32.53,23.58,62.27
2017-01-27,1,1.28,44.75,24.37,184.44,99.49,24.86,184.44
2017-01-29,1,1.82,56.44,58.11,286.11,17.22,24.63,286.11
2017-01-30,1,2.88,70.83,29.69,362.22,21.04,27.44,362.22
2017-01-31,1,1.76,67.31,27.65,226.68,131.84,25.14,226.68
2017-01-02,1,3.84,78.69,33.35,381.72,239.39,28.27,381.72
2017-02-02,1,3.46,79.73,27.13,380.87,240.23,25.78,380.87
2017-03-02,1,3.71,70.18,25.63,400.24,251.83,25.01,400.24
2017-04-02,1,1.41,44.93,30.37,248.31,171.18,25.37,248.31
2017-05-02,1,2.68,51.64,29.32,362.95,221.32,25.57,362.95
2017-06-02,1,1.24,57.53,33.26,205.44,83.27,24.23,205.44
2017-07-02,1,1.58,64.66,36.27,269.53,134.88,24.39,269.53
2017-08-02,1,2.43,78.43,35.62,319.46,126.03,33.51,319.46
2017-09-02,1,1.53,83.98,36.74,279.2,38.89,26.56,279.2
2017-10-02,1,2.09,65.55,41.91,259.79,30.82,28.39,259.79
2017-11-02,1,1.34,51.19,118.29,226.35,116.27,25.69,226.35
2017-12-02,1,2.32,73.71,46.79,296.81,62.13,24.71,296.81
2017-02-13,1,1.85,97.44,46.67,308.89,136.77,25.27,308.89
2017-02-14,1,1.68,91.03,50.93,302.66,66.87,29.0,302.66
2017-02-15,1,1.76,92.21,46.22,289.46,125.24,29.56,289.46
2017-02-16,1,1.41,76.32,73.01,269.52,113.64,28.74,269.52
2017-02-17,1,1.53,75.41,55.6,240.62,102.22,25.24,240.62
2017-02-18,1,2.05,84.56,36.24,255.92,86.87,25.6,255.92
2017-02-19,1,2.2,54.3,72.0,300.94,34.18,20.0,300.94
2017-02-20,1,1.95,57.28,61.14,380.66,129.61,26.94,380.66
2017-02-21,1,2.14,64.95,70.2,301.23,101.68,25.42,301.23
2017-02-22,1,1.53,80.48,20.46,249.65,95.33,28.96,249.65
2017-02-25,1,0.96,24.12,181.59,241.0,64.85,24.3,241.0
2017-02-26,1,1.55,65.58,92.53,251.12,81.37,29.7,251.12
2017-02-27,1,3.77,97.32,24.28,347.24,134.29,32.36,347.24
2017-02-28,1,3.49,91.04,51.69,403.65,154.65,30.53,403.65
2017-01-03,1,2.55,81.27,12.47,314.07,126.0,31.3,314.07
2017-02-03,1,1.27,55.29,62.89,227.28,74.72,28.14,227.28
2017-03-03,1,1.43,52.44,71.91,234.82,91.98,28.08,234.82
2017-04-03,1,1.4,53.18,79.9,252.31,92.9,31.76,252.31
2017-05-03,1,1.37,42.52,88.78,238.13,83.82,34.73,238.13
2017-06-03,1,1.87,58.94,72.34,257.54,104.32,35.9,257.54
2017-07-03,1,1.79,58.85,53.57,249.65,79.19,32.99,249.65
2017-08-03,1,1.25,45.47,19.81,192.44,65.77,29.57,192.44
2017-10-03,1,1.0,27.93,157.6,112.79,31.25,27.5,157.6
2017-11-03,1,1.22,28.31,71.11,161.19,53.01,27.1,161.19
2017-12-03,1,1.28,29.9,89.48,176.16,66.67,26.26,176.16
2017-03-13,1,1.54,34.1,80.71,183.61,66.91,26.33,183.61
2017-03-14,1,1.92,44.73,63.85,252.49,97.47,26.74,252.49
2017-03-15,1,2.13,38.59,43.57,282.36,109.17,30.34,282.36
2017-03-16,1,1.44,31.17,44.7,270.97,97.9,30.99,270.97
2017-03-17,1,1.74,39.44,77.33,221.04,81.85,28.09,221.04
2017-03-18,1,2.3,50.17,73.88,273.15,101.62,27.56,273.15
2017-03-19,1,1.96,50.19,75.67,301.08,114.23,30.48,301.08
2017-03-20,1,1.58,46.46,84.94,279.68,110.45,33.81,279.68
2017-03-21,1,3.11,56.87,22.27,365.15,143.36,32.39,365.15
2017-11-04,1,1.29,21.1,38.24,228.83,111.94,44.88,228.83
2017-12-04,1,3.12,30.46,46.67,308.23,145.7,45.23,308.23
2017-04-13,1,3.79,37.83,64.51,332.84,168.39,42.53,332.84
2017-04-14,1,3.84,43.03,58.66,387.56,194.46,40.7,387.56
2017-04-15,1,2.42,43.9,84.11,336.7,185.57,57.32,336.7
2017-04-16,1,2.54,38.9,83.24,355.66,156.71,39.5,355.66
2017-04-17,1,1.58,45.52,68.44,424.75,190.29,44.08,424.75
2017-04-18,1,1.78,31.17,18.64,305.31,134.18,44.6,305.31
2017-04-19,1,3.11,44.71,23.07,310.35,140.67,45.2,310.35
2017-04-20,1,2.58,33.99,66.27,433.3,175.37,43.29,433.3
2017-04-23,1,0.74,25.6,139.85,268.01,107.2,33.12,268.01
2017-04-24,1,1.17,29.69,98.22,284.38,114.29,43.57,284.38
2017-04-25,1,1.16,27.14,93.87,158.34,74.46,31.86,158.34
2017-04-26,1,1.17,29.78,81.76,175.92,72.83,34.34,175.92
2017-04-27,1,1.07,26.42,80.81,237.36,69.1,33.43,237.36
2017-04-28,1,1.25,33.19,94.2,209.64,100.76,42.07,209.64
2017-04-29,1,1.73,32.64,67.29,226.09,97.19,47.92,226.09
2017-04-30,1,1.1,32.76,79.53,163.0,76.45,51.42,163.0
2017-01-05,1,2.84,51.99,99.99,261.08,118.42,40.8,261.08
2017-02-05,1,2.97,60.66,43.19,383.22,166.95,59.09,383.22
2017-03-05,1,1.09,28.37,85.15,272.4,111.95,34.5,272.4
2017-04-05,1,1.7,43.61,113.2,427.71,200.42,46.84,427.71
2017-05-05,1,3.06,48.58,112.76,301.48,147.89,46.31,301.48
2017-06-05,1,3.33,54.67,99.05,315.68,156.93,51.59,315.68
2017-07-05,1,2.64,50.61,137.04,371.03,167.65,56.55,371.03
2017-08-05,1,1.84,39.07,75.95,375.38,143.74,37.53,375.38
2017-09-05,1,1.09,23.75,100.47,193.86,88.51,44.49,193.86
2017-10-05,1,1.11,26.96,102.02,178.73,89.08,45.24,178.73
2017-11-05,1,1.87,39.81,101.57,554.19,236.47,47.71,554.19
2017-12-05,1,2.48,47.93,66.13,299.37,151.58,55.43,299.37
2017-05-13,1,1.83,39.27,82.32,243.32,124.2,47.25,243.32
2017-05-14,1,2.77,34.0,57.59,264.35,106.14,39.09,264.35
2017-05-17,1,0.99,29.85,131.05,224.0,89.79,48.28,224.0
2017-05-18,1,1.4,39.44,72.81,195.43,98.42,48.54,195.43
2017-05-19,1,1.0,26.66,84.2,282.96,104.82,31.97,282.96
2017-05-20,1,1.94,41.0,67.15,477.67,181.64,37.47,477.67
2017-05-21,1,1.4,35.55,36.4,246.51,107.19,32.26,246.51
2017-05-25,1,1.88,48.33,91.07,230.38,114.92,44.41,230.38
2017-05-26,1,1.26,30.0,112.86,264.85,107.59,42.37,264.85
2017-05-27,1,0.98,19.38,97.79,115.83,53.83,35.99,115.83
2017-05-28,1,1.09,25.18,76.03,84.3,50.04,29.18,84.3
2017-05-29,1,1.39,35.84,159.94,102.98,75.59,37.94,159.94
2017-05-30,1,2.29,56.31,68.18,93.39,57.63,37.07,93.39
2017-05-31,1,3.1,70.4,33.52,139.65,90.68,37.82,139.65
2017-01-06,1,2.72,85.55,75.11,221.39,122.29,34.32,221.39
2017-02-06,1,3.39,92.42,102.7,269.47,134.26,31.07,269.47
2017-03-06,1,2.59,70.88,63.57,332.34,146.12,30.67,332.34
2017-04-06,1,0.92,42.0,52.02,261.8,104.58,21.42,261.8
2017-05-06,1,1.28,41.23,30.7,248.66,102.84,23.59,248.66
2017-06-06,1,1.15,28.14,14.37,145.06,64.91,25.29,145.06
2017-10-22,1,4.02,128.0,43.48,21.5,8.31,38.8,128.0
2017-10-23,1,3.12,107.64,36.98,405.71,198.5,37.73,405.71
2017-10-24,1,0.95,23.62,0.94,100.29,45.92,8.65,100.29
2017-10-25,1,0.28,13.38,32.83,72.02,39.6,11.23,72.02
2017-10-26,1,0.47,25.07,32.19,113.67,58.88,16.23,113.67
2017-10-28,1,0.05,2.87,5.45,14.71,7.12,1.64,14.71
2017-10-29,1,0.24,16.26,1.88,13.33,13.38,3.7,16.26
2017-10-30,1,3.04,102.8,27.92,349.0,240.11,28.83,349.0
2017-10-31,1,0.58,36.13,24.49,93.73,50.17,15.67,93.73
2017-01-11,1,2.63,118.44,29.51,328.88,178.75,23.17,328.88
2017-02-11,1,4.29,90.8,30.72,164.64,85.12,21.49,164.64
2017-03-11,1,3.94,83.53,39.55,362.71,206.42,27.45,362.71
2017-04-11,1,4.11,105.16,48.71,393.75,247.5,33.94,393.75
2017-05-11,1,3.84,112.2,28.38,372.17,195.5,28.5,372.17
2017-06-11,1,3.88,119.94,31.35,643.67,444.79,15.17,643.67
2017-07-11,1,4.87,155.02,28.69,764.58,598.54,34.72,764.58
2017-08-11,1,3.62,146.73,40.76,612.33,479.17,29.34,612.33
2017-09-11,1,3.74,170.03,29.97,652.54,376.54,12.25,652.54
2017-10-11,1,3.71,190.34,26.27,581.54,339.75,8.23,581.54
2017-11-11,1,4.26,223.65,35.2,822.08,493.21,6.39,822.08
2017-12-11,1,4.58,144.9,30.15,644.33,385.17,6.12,644.33
2017-11-13,1,2.83,122.61,23.59,468.96,284.54,23.63,468.96
2017-11-14,1,3.22,101.99,20.72,419.25,239.21,16.08,419.25
2017-11-15,1,3.74,104.37,22.78,407.21,231.75,33.36,407.21
2017-11-16,1,2.24,92.06,19.15,282.25,159.25,40.57,282.25
2017-11-17,1,2.02,105.01,35.22,251.6,145.3,42.42,251.6
2017-11-18,1,1.18,71.02,44.74,227.96,137.58,29.06,227.96
2017-11-19,1,2.01,99.85,35.32,341.33,192.21,32.09,341.33
2017-11-20,1,2.15,88.59,34.54,341.17,205.04,27.91,341.17
2017-11-21,1,2.0,93.75,34.86,347.62,190.96,35.36,347.62
2017-11-22,1,2.08,97.12,34.53,370.46,206.96,42.43,370.46
2017-11-23,1,2.31,106.26,35.71,371.17,214.29,46.55,371.17
2017-11-24,1,2.27,113.82,38.32,366.33,216.38,51.07,366.33
2017-11-25,1,3.99,115.07,55.05,417.6,229.53,45.97,417.6
2017-11-26,1,3.35,111.03,36.2,490.33,282.92,44.5,490.33
2017-11-27,1,3.08,114.77,30.82,416.42,224.75,43.12,416.42
2017-11-28,1,3.79,132.77,17.17,481.62,265.21,34.59,481.62
2017-11-29,1,4.61,127.36,25.6,473.54,270.67,27.38,473.54
2017-11-30,1,3.09,122.75,25.56,439.0,257.62,32.64,439.0
2017-01-12,1,3.32,130.29,21.36,418.0,243.17,34.69,418.0
2017-02-12,1,3.85,148.95,21.53,513.0,313.42,34.57,513.0
2017-03-12,1,3.6,148.02,14.19,592.54,326.71,26.57,592.54
2017-04-12,1,4.19,152.21,22.91,570.75,324.62,37.33,570.75
2017-05-12,1,2.33,110.66,23.71,338.0,188.75,43.39,338.0
2017-06-12,1,1.9,95.95,27.42,247.88,126.83,49.24,247.88
2017-07-12,1,1.78,100.09,36.34,273.62,150.81,47.42,273.62
2017-08-12,1,3.07,125.57,33.47,292.46,181.0,49.99,292.46
2017-09-12,1,3.55,144.53,25.01,454.96,268.79,46.19,454.96
2017-10-12,1,4.16,138.51,19.76,454.38,268.17,36.43,454.38
2017-11-12,1,2.92,81.42,16.18,163.21,109.0,16.26,163.21
2017-12-12,1,2.42,63.57,27.51,221.62,149.83,15.15,221.62
2017-12-13,1,1.19,56.74,20.66,226.47,155.69,16.65,226.47
2017-12-17,1,0.37,73.85,57.95,221.12,134.33,36.48,221.12
2017-12-18,1,1.19,89.3,23.8,275.75,163.08,55.34,275.75
2017-12-19,1,2.33,96.02,14.02,448.96,276.58,57.66,448.96
2017-12-20,1,2.74,91.44,25.78,602.38,333.12,42.27,602.38
2017-12-21,1,5.2,79.07,23.34,361.54,192.0,43.04,361.54
2017-12-22,1,0.75,66.75,26.02,238.08,147.75,43.95,238.08
2017-12-23,1,3.05,73.84,27.22,325.08,210.21,33.88,325.08
2017-12-24,1,2.08,78.44,25.46,508.0,316.83,31.18,508.0
2017-12-25,1,2.41,73.46,26.4,385.46,222.29,40.05,385.46
2017-12-26,1,2.87,77.48,21.01,365.38,207.17,40.18,365.38
2017-12-27,1,3.59,86.72,22.7,473.79,290.0,40.45,473.79
2017-12-28,1,2.49,93.42,35.62,455.17,263.75,52.96,455.17
2017-12-29,1,2.01,92.53,32.72,471.46,273.0,33.24,471.46
2017-12-30,1,3.32,72.2,24.54,485.5,267.5,19.24,485.5
2017-12-31,1,3.19,99.61,20.41,535.04,371.21,23.39,535.04
2018-01-01,1,2.64,82.47,20.08,562.67,335.75,18.45,562.67
2018-02-01,1,2.28,72.63,22.04,401.12,282.54,23.85,401.12
2018-03-01,1,2.1,89.36,20.47,328.75,186.79,15.43,328.75
2018-04-01,1,2.21,76.9,14.73,399.42,241.33,16.53,399.42
2018-05-01,1,2.76,71.96,28.99,373.46,225.5,14.35,373.46
2018-06-01,1,2.01,76.53,33.09,357.04,206.46,24.58,357.04
2018-07-01,1,1.44,80.5,32.43,274.96,159.08,37.08,274.96
2018-08-01,1,2.41,83.58,34.17,391.46,224.54,38.61,391.46
2018-09-01,1,1.53,84.52,37.43,337.92,192.58,52.59,337.92
2018-10-01,1,1.22,72.24,37.07,288.67,171.62,53.27,288.67
2018-11-01,1,1.31,97.2,31.18,284.08,158.12,64.69,284.08
2018-12-01,1,3.11,95.95,30.3,431.5,232.5,34.92,431.5
2018-01-13,1,2.16,90.24,34.34,347.54,183.83,43.42,347.54
2018-01-14,1,2.42,85.92,29.91,414.04,217.88,46.93,414.04
2018-01-15,1,1.06,68.41,50.63,258.38,138.71,45.21,258.38
2018-01-16,1,2.26,86.21,20.8,481.92,287.12,24.76,481.92
2018-01-17,1,2.8,70.44,15.07,408.33,267.5,26.0,408.33
2018-01-18,1,2.35,93.02,37.48,534.33,300.67,33.86,534.33
2018-01-19,1,1.88,83.9,11.56,417.73,220.92,42.15,417.73
2018-01-20,1,0.63,50.58,67.31,162.29,84.86,31.7,162.29
2018-01-21,1,2.62,86.34,25.64,479.04,282.08,38.17,479.04
2018-01-22,1,3.03,106.92,25.72,381.21,203.03,15.27,381.21
2018-01-23,1,2.22,65.87,34.63,227.0,137.19,12.81,227.0
2018-03-02,1,2.11,24.5,5.3,231.71,132.21,29.97,231.71
2018-04-02,1,2.49,43.34,55.01,239.42,163.36,26.7,239.42
2018-05-02,1,2.63,109.11,49.76,297.12,175.12,39.5,297.12
2018-06-02,1,1.88,85.39,51.52,239.79,124.46,34.91,239.79
2018-07-02,1,3.55,114.72,25.71,325.32,178.0,23.06,325.32
2018-08-02,1,0.21,151.45,45.07,393.87,264.38,15.68,393.87
2018-09-02,1,2.75,118.84,38.95,369.25,230.79,18.49,369.25
2018-10-02,1,2.28,94.14,34.07,436.21,234.54,16.81,436.21
2018-11-02,1,0.51,48.65,44.28,181.21,81.71,14.22,181.21
2018-12-02,1,0.62,56.98,34.5,153.0,92.12,8.49,153.0
2018-02-13,1,0.42,49.34,51.47,176.88,90.46,12.07,176.88
2018-02-14,1,0.46,48.72,61.05,189.79,91.0,16.08,189.79
2018-02-15,1,0.8,63.34,49.86,222.25,134.96,22.55,222.25
2018-02-16,1,1.2,77.42,47.1,237.17,130.88,35.09,237.17
2018-02-17,1,1.48,77.09,48.29,245.0,144.04,28.54,245.0
2018-02-18,1,2.32,83.57,40.02,285.21,148.38,24.73,285.21
2018-02-19,1,2.09,99.93,48.33,329.96,197.52,26.57,329.96
2018-02-20,1,3.57,85.85,36.63,372.08,178.83,25.46,372.08
2018-02-21,1,3.1,93.67,35.56,369.04,182.25,32.05,369.04
2018-02-22,1,3.1,117.94,17.02,358.42,161.42,27.41,358.42
2018-02-23,1,2.26,96.06,35.08,383.58,187.67,24.77,383.58
2018-02-24,1,1.4,79.48,14.93,263.92,126.25,21.49,263.92
2018-02-25,1,0.55,39.14,26.09,207.12,83.79,10.82,207.12
2018-02-26,1,0.54,58.55,38.78,161.04,74.46,6.77,161.04
2018-02-27,1,2.01,82.39,43.84,270.71,149.67,25.52,270.71
2018-02-28,1,1.68,98.76,40.65,269.5,125.12,30.64,269.5
2018-01-03,1,1.15,91.79,6.87,270.0,138.88,13.81,270.0
2018-02-03,1,1.54,80.72,41.19,208.21,117.17,19.61,208.21
2018-03-03,1,1.18,74.58,39.76,199.12,80.29,24.57,199.12
2018-04-03,1,1.28,72.2,42.72,191.38,92.22,21.72,191.38
2018-05-03,1,1.05,71.34,44.68,183.96,81.26,27.42,183.96
2018-06-03,1,1.07,82.91,45.86,179.71,97.87,21.02,179.71
2018-07-03,1,0.36,97.74,55.69,224.12,112.5,14.22,224.12
2018-08-03,1,0.72,84.33,50.11,298.83,150.83,32.55,298.83
2018-09-03,1,1.26,78.81,46.3,177.96,86.68,30.4,177.96
2018-10-03,1,1.01,66.0,57.23,167.17,92.21,32.15,167.17
2018-11-03,1,1.8,81.5,52.59,237.5,131.95,28.65,237.5
2018-12-03,1,1.51,81.3,58.78,223.58,121.41,37.08,223.58
2018-03-13,1,2.38,82.63,40.08,330.5,115.74,29.52,330.5
2018-03-14,1,1.84,84.0,28.69,352.33,114.96,31.01,352.33
2018-03-15,1,1.24,78.77,47.12,252.33,98.29,32.28,252.33
2018-03-16,1,1.26,70.63,29.6,220.24,107.22,33.24,220.24
2018-03-17,1,0.56,27.99,127.02,118.12,53.0,24.08,127.02
2018-03-18,1,1.1,81.26,51.68,187.92,86.96,33.07,187.92
2018-03-19,1,1.63,77.04,61.52,214.88,95.74,30.11,214.88
2018-03-20,1,1.92,95.71,45.1,312.38,135.67,58.73,312.38
2018-03-21,1,0.88,52.69,60.61,153.42,75.21,44.94,153.42
2018-03-22,1,0.71,43.42,69.08,140.25,67.0,30.68,140.25
2018-03-23,1,1.0,59.33,63.06,184.79,88.22,38.18,184.79
2018-03-24,1,0.91,49.67,79.21,186.92,99.09,38.05,186.92
2018-03-25,1,0.98,62.66,73.31,188.0,98.52,37.6,188.0
2018-03-26,1,1.51,85.22,54.66,231.96,113.77,51.55,231.96
2018-03-27,1,2.35,81.07,40.49,268.17,110.59,38.94,268.17
2018-03-28,1,0.87,58.24,70.89,205.62,88.61,38.87,205.62
2018-03-29,1,1.36,76.43,64.74,235.96,104.13,31.14,235.96
2018-03-30,1,1.7,89.54,66.39,284.0,103.42,32.14,284.0
2018-03-31,1,1.19,79.83,84.34,180.78,68.7,18.84,180.78
2018-01-04,1,1.35,101.89,70.17,193.0,79.22,18.66,193.0
2018-02-04,1,1.39,106.62,68.97,223.21,89.71,20.52,223.21
2018-03-04,1,1.18,86.56,47.22,220.29,93.13,21.56,220.29
2018-04-04,1,2.94,113.11,54.36,370.29,174.21,38.29,370.29
2018-05-04,1,1.44,97.28,45.12,244.21,102.46,38.46,244.21
2018-06-04,1,0.75,51.36,67.83,107.13,63.0,11.1,107.13
2018-07-04,1,0.86,56.61,72.82,131.83,53.91,14.29,131.83
2018-08-04,1,0.84,54.75,54.45,123.62,51.67,15.46,123.62
2018-09-04,1,1.74,73.68,64.88,272.1,110.05,27.9,272.1
2018-10-04,1,0.78,79.57,33.71,213.0,67.68,14.46,213.0
2018-04-13,1,0.22,36.53,15.22,132.5,57.5,6.38,132.5
2018-04-14,1,0.11,174.43,22.44,261.29,113.42,41.18,261.29
2018-04-15,1,0.44,115.77,18.72,368.08,125.0,49.62,368.08
2018-04-16,1,0.42,79.62,17.92,268.08,76.04,26.01,268.08
2018-04-17,1,0.25,55.56,11.24,291.38,83.71,21.78,291.38
2018-04-18,1,2.57,81.84,46.52,281.42,111.75,27.16,281.42
2018-04-19,1,1.63,81.23,36.57,335.38,111.42,14.45,335.38
2018-04-20,1,1.5,44.82,61.58,551.1,193.04,16.31,551.1
2018-04-21,1,1.09,53.83,72.25,247.96,88.75,29.72,247.96
2018-04-22,1,1.63,62.93,71.67,242.79,98.21,19.27,242.79
2018-04-23,1,1.85,85.9,60.4,268.47,137.4,28.28,268.47
2018-04-24,1,2.24,95.81,48.62,276.62,126.29,23.97,276.62
2018-04-25,1,2.81,102.94,42.57,380.79,158.62,33.98,380.79
2018-04-26,1,2.34,99.81,56.55,360.54,159.71,31.27,360.54
2018-04-27,1,1.45,57.28,88.28,322.0,104.46,17.34,322.0
2018-04-28,1,1.73,64.21,67.42,257.17,106.88,26.35,257.17
2018-04-29,1,1.77,68.85,59.58,201.46,81.5,15.87,201.46
2018-04-30,1,1.01,48.63,86.83,182.46,61.21,22.0,182.46
2018-01-05,1,1.27,51.1,86.45,173.79,57.18,7.33,173.79
2018-02-05,1,1.38,52.65,46.78,164.48,55.22,13.93,164.48
2018-03-05,1,1.46,39.39,82.34,114.17,58.0,15.63,114.17
2018-04-05,1,2.01,66.79,63.91,167.83,75.79,17.24,167.83
2018-05-05,1,2.84,94.04,45.95,299.04,131.38,20.67,299.04
2018-06-05,1,2.01,76.57,54.58,220.67,101.92,20.67,220.67
2018-07-05,1,1.85,53.76,76.8,209.7,103.05,10.47,209.7
2018-08-05,1,2.01,89.66,46.1,175.79,73.39,13.36,175.79
2018-09-05,1,1.15,68.24,57.45,175.25,105.29,10.74,175.25
2018-10-05,1,1.48,108.62,57.0,256.79,149.12,22.71,256.79
2018-11-05,1,2.84,130.41,66.2,333.33,173.38,23.18,333.33
2018-12-05,1,2.82,59.36,85.08,221.46,125.67,4.1,221.46
2018-05-13,1,1.12,36.63,86.37,114.75,54.32,8.56,114.75
2018-05-14,1,0.91,56.98,78.15,141.42,64.21,20.54,141.42
2018-05-15,1,1.11,76.07,60.0,220.08,89.0,18.48,220.08
2018-05-16,1,0.63,73.74,36.25,240.58,110.25,18.67,240.58
2018-05-17,1,1.13,81.81,59.63,218.12,107.74,33.24,218.12
2018-05-18,1,1.86,86.47,44.94,261.17,116.33,28.69,261.17
2018-05-19,1,0.86,63.69,63.41,170.08,93.38,26.76,170.08
2018-05-20,1,1.31,85.74,62.54,206.79,99.67,34.63,206.79
2018-05-21,1,1.19,97.02,59.42,200.29,108.0,37.01,200.29
2018-05-22,1,2.32,126.22,33.74,311.29,163.08,46.73,311.29
2018-05-23,1,1.88,119.43,43.04,249.75,122.96,39.72,249.75
2018-05-24,1,2.2,105.25,53.93,238.42,105.58,32.58,238.42
2018-05-25,1,1.67,94.56,55.51,211.29,110.71,41.56,211.29
2018-05-26,1,3.18,111.61,12.45,328.59,123.37,35.45,328.59
2018-05-27,1,0.97,66.3,123.71,219.75,126.5,32.11,219.75
2018-05-28,1,2.27,92.16,61.81,285.88,135.17,31.47,285.88
2018-05-29,1,0.94,56.71,79.07,283.33,86.12,25.54,283.33
2018-05-30,1,0.92,71.01,66.8,202.12,80.12,22.87,202.12
2018-05-31,1,0.95,71.94,63.84,205.17,81.29,28.07,205.17
2018-01-06,1,0.7,49.47,84.42,150.05,126.43,26.45,150.05
2018-02-06,1,0.77,40.36,101.97,130.41,152.06,23.0,152.06
2018-03-06,1,0.84,50.59,73.98,159.54,84.06,20.43,159.54
2018-04-06,1,0.8,44.24,73.32,157.79,89.87,20.43,157.79
2018-05-06,1,0.91,58.53,59.55,221.73,81.41,21.19,221.73
2018-06-06,1,0.22,66.45,10.02,154.92,70.71,8.91,154.92
2018-07-06,1,0.97,53.63,62.65,204.75,82.17,19.96,204.75
2018-08-06,1,0.71,35.06,51.94,151.12,61.42,16.07,151.12
2018-09-06,1,1.02,60.34,62.84,122.22,61.52,21.03,122.22
2018-10-06,1,1.01,66.02,31.01,205.92,65.71,13.44,205.92
2018-11-06,1,0.67,61.27,27.38,388.87,90.17,18.18,388.87
2018-12-06,1,0.58,36.87,17.46,243.23,159.7,18.6,243.23
2018-06-13,1,0.51,25.06,18.54,701.0,116.71,20.2,701.0
2018-06-14,1,0.59,25.28,21.03,488.71,117.25,18.48,488.71
2018-06-15,1,0.8,28.37,20.14,458.08,88.35,20.83,458.08
2018-06-16,1,0.71,32.21,26.36,354.83,95.09,19.15,354.83
2018-06-17,1,0.61,44.46,26.67,182.35,62.33,16.31,182.35
2018-06-18,1,0.52,41.87,43.32,143.96,53.33,20.92,143.96
2018-06-19,1,0.45,75.37,30.21,222.33,65.57,17.42,222.33
2018-06-20,1,0.88,81.16,33.66,235.38,59.73,22.58,235.38
2018-06-21,1,0.76,89.33,52.07,251.5,73.38,20.87,251.5
2018-06-22,1,0.47,112.59,30.82,256.08,80.35,27.44,256.08
2018-06-23,1,1.0,109.36,41.91,208.46,66.24,27.17,208.46
2018-06-24,1,0.9,96.75,34.75,207.11,45.78,22.25,207.11
2018-06-25,1,0.54,65.85,26.18,24.77,5.82,19.84,65.85
2018-06-27,1,0.89,64.45,21.76,57.99,33.24,15.84,64.45
2018-06-28,1,0.74,57.43,19.74,71.95,39.22,15.4,71.95
2018-06-29,1,0.84,68.83,20.54,80.3,50.18,16.43,80.3
2018-06-30,1,1.13,64.83,21.88,102.69,45.53,15.17,102.69
2018-01-07,1,0.54,36.75,25.85,96.38,31.77,15.67,96.38
2018-02-07,1,0.78,57.94,28.8,92.7,43.56,17.48,92.7
2018-03-07,1,0.78,56.88,26.17,121.31,46.07,16.83,121.31
2018-04-07,1,0.86,79.58,24.66,166.31,51.55,15.26,166.31
2018-05-07,1,0.97,100.48,21.22,182.92,53.38,16.81,182.92
2018-06-07,1,0.91,56.32,36.74,166.72,64.59,17.6,166.72
2018-07-07,1,1.13,95.86,43.23,181.68,66.24,15.99,181.68
2018-08-07,1,1.0,75.66,45.48,186.21,78.29,16.95,186.21
2018-09-07,1,0.73,47.16,32.86,127.08,54.12,16.05,127.08
2018-10-07,1,0.87,36.42,26.78,117.62,44.88,14.69,117.62
2018-12-07,1,0.74,35.43,24.31,86.38,35.0,14.87,86.38
2018-07-13,1,0.97,44.35,12.08,75.62,37.38,15.26,75.62
2018-07-14,1,0.72,31.56,17.13,55.68,32.26,15.47,55.68
2018-07-15,1,0.86,37.42,15.01,66.35,40.69,16.68,66.35
2018-07-16,1,1.37,39.87,13.95,73.93,39.7,16.64,73.93
2018-07-17,1,0.79,46.57,14.0,96.58,41.75,15.45,96.58
2018-07-18,1,0.69,36.71,16.54,84.97,42.56,16.09,84.97
2018-07-19,1,0.82,42.26,13.15,67.78,52.27,15.0,67.78
2018-07-20,1,1.2,57.03,22.93,118.65,64.98,16.99,118.65
2018-07-21,1,0.8,38.85,16.89,36.21,26.66,15.04,38.85
2018-07-22,1,0.98,55.98,15.75,59.67,37.75,15.75,59.67
2018-07-25,1,0.72,7.09,13.6,58.76,36.34,17.47,58.76
2018-07-26,1,1.05,25.46,13.65,29.07,42.38,14.74,42.38
2018-07-27,1,1.07,6.6,17.93,59.85,37.39,15.28,59.85
2018-07-28,1,0.92,4.73,23.57,86.06,42.55,14.62,86.06
2018-07-29,1,0.76,4.52,25.69,115.83,45.22,14.76,115.83
2018-07-30,1,1.03,5.89,21.52,153.25,52.7,15.77,153.25
2018-07-31,1,0.76,9.5,26.38,173.19,54.54,16.1,173.19
2018-01-08,1,0.99,18.69,21.42,263.55,81.03,16.26,263.55
2018-02-08,1,0.7,20.11,20.25,261.95,79.32,14.83,261.95
2018-03-08,1,0.77,31.28,22.22,281.95,72.15,16.04,281.95
2018-04-08,1,0.87,23.91,17.33,283.91,72.81,14.33,283.91
2018-05-08,1,0.92,8.68,15.13,159.49,65.71,14.58,159.49
2018-06-08,1,1.06,10.64,23.38,131.35,58.16,14.68,131.35
2018-07-08,1,1.11,10.64,19.23,76.58,41.27,14.99,76.58
2018-08-08,1,1.32,13.65,29.08,104.49,45.28,16.71,104.49
2018-09-08,1,1.31,16.12,29.42,99.41,44.82,15.96,99.41
2018-10-08,1,1.68,11.38,24.16,104.8,47.63,13.22,104.8
2018-11-08,1,1.07,10.54,22.64,77.52,29.84,16.06,77.52
2018-12-08,1,1.13,50.6,23.77,93.14,32.84,14.89,93.14
2018-08-13,1,1.19,68.74,34.27,119.3,49.58,15.03,119.3
2018-08-14,1,1.83,56.87,32.5,133.82,51.7,15.46,133.82
2018-08-15,1,1.07,51.01,30.43,79.56,39.1,15.77,79.56
2018-08-16,1,1.18,37.85,28.18,91.77,43.83,14.45,91.77
2018-08-17,1,0.75,17.88,27.66,79.13,35.73,13.74,79.13
2018-08-18,1,1.09,29.24,22.65,93.66,46.2,14.85,93.66
2018-08-19,1,1.25,23.98,41.1,132.41,80.64,14.28,132.41
2018-08-20,1,0.64,16.5,29.11,75.93,37.68,13.36,75.93
2018-08-21,1,0.83,17.59,26.16,77.28,33.96,15.94,77.28
2018-08-22,1,0.77,14.52,18.23,65.01,32.84,15.02,65.01
2018-08-23,1,0.58,13.96,19.14,86.02,30.16,14.62,86.02
2018-08-24,1,0.77,13.63,20.82,96.64,27.88,16.3,96.64
2018-08-25,1,0.57,8.42,25.6,91.39,30.09,16.15,91.39
2018-08-26,1,0.82,16.86,19.18,71.67,35.56,16.38,71.67
2018-08-28,1,0.84,13.11,9.63,60.17,37.81,16.93,60.17
2018-08-29,1,0.98,7.58,22.84,71.81,42.75,15.83,71.81
2018-08-30,1,0.9,10.27,17.6,153.47,57.95,17.17,153.47
2018-08-31,1,1.06,15.19,12.2,133.59,55.02,16.49,133.59
2018-01-09,1,1.38,13.42,31.81,105.78,55.85,16.65,105.78
2018-02-09,1,1.02,16.01,14.81,80.51,54.54,16.14,80.51
2018-03-09,1,1.4,15.86,27.07,94.64,64.74,17.0,94.64
2018-04-09,1,0.77,11.2,17.9,83.69,44.08,16.38,83.69
2018-05-09,1,1.07,11.21,25.83,158.06,53.15,16.96,158.06
2018-06-09,1,1.04,17.49,26.49,76.61,45.38,16.46,76.61
2018-07-09,1,1.04,13.64,14.83,92.67,51.38,16.25,92.67
2018-08-09,1,0.73,7.82,21.77,50.68,39.12,16.9,50.68
2018-09-09,1,0.63,7.09,24.62,61.97,35.83,16.91,61.97
2018-10-09,1,0.66,7.76,20.99,75.68,33.64,17.06,75.68
2018-11-09,1,0.73,10.27,17.68,136.47,33.65,16.48,136.47
2018-12-09,1,0.58,8.68,19.03,148.71,34.58,17.07,148.71
2018-09-13,1,0.67,10.19,21.1,128.08,38.98,17.36,128.08
2018-09-14,1,1.19,13.94,23.22,130.0,43.96,17.3,130.0
2018-09-15,1,0.99,21.3,20.88,145.44,52.12,18.73,145.44
2018-09-16,1,0.47,8.75,37.36,177.42,55.78,16.26,177.42
2018-09-17,1,0.74,10.57,38.11,205.23,61.35,16.63,205.23
2018-09-18,1,0.89,14.92,45.58,212.79,65.53,17.11,212.79
2018-09-19,1,1.18,33.38,52.33,202.09,74.27,16.31,202.09
2018-09-20,1,1.43,43.74,27.8,155.0,67.82,17.82,155.0
2018-09-21,1,0.77,27.76,18.15,52.14,23.85,18.27,52.14
2018-09-22,1,0.73,22.98,26.63,64.17,34.46,16.05,64.17
2018-09-23,1,0.75,61.91,15.99,44.06,25.49,16.53,61.91
2018-09-24,1,0.65,47.57,24.6,35.0,24.89,16.28,47.57
2018-09-25,1,0.89,49.55,30.15,91.8,38.65,16.45,91.8
2018-09-26,1,1.1,58.69,38.93,169.41,76.52,16.82,169.41
2018-09-27,1,2.2,60.39,36.04,200.03,92.75,18.97,200.03
2018-09-28,1,3.07,70.11,36.89,230.44,96.11,16.24,230.44
2018-09-29,1,1.21,67.22,41.18,175.0,73.73,16.03,175.0
2018-09-30,1,1.45,74.51,44.37,182.85,75.24,16.67,182.85
2018-01-10,1,1.99,72.27,37.07,220.29,99.91,16.14,220.29
2018-02-10,1,1.3,84.9,21.45,161.74,55.47,17.68,161.74
2018-03-10,1,1.88,79.42,5.27,215.51,97.8,15.57,215.51
2018-04-10,1,2.08,122.39,49.87,281.64,128.05,16.98,281.64
2018-05-10,1,1.78,86.92,37.55,234.69,102.59,17.28,234.69
2018-06-10,1,1.98,83.2,45.75,260.8,96.09,18.92,260.8
2018-07-10,1,2.19,92.43,48.84,313.34,135.3,19.83,313.34
2018-08-10,1,2.17,102.42,60.58,310.68,131.39,21.35,310.68
2018-09-10,1,2.33,72.24,41.8,260.16,115.65,21.94,260.16
2018-10-10,1,1.32,72.27,39.43,230.06,85.21,17.79,230.06
2018-11-10,1,1.11,71.99,38.09,167.81,69.6,22.81,167.81
2018-12-10,1,1.82,71.75,47.64,335.18,128.96,21.49,335.18
2018-10-14,1,1.79,73.58,49.11,319.65,121.98,20.56,319.65
2018-10-15,1,2.77,76.56,61.55,318.44,139.47,19.24,318.44
2018-10-16,1,2.09,71.84,45.92,334.34,148.21,17.79,334.34
2018-10-17,1,2.91,61.26,32.82,328.28,137.23,17.44,328.28
2018-10-18,1,2.09,87.88,38.06,306.06,128.54,18.92,306.06
2018-10-19,1,1.71,110.54,47.11,336.3,191.03,20.84,336.3
2018-10-20,1,3.18,126.16,41.61,301.5,147.57,21.57,301.5
2018-10-21,1,0.85,104.19,41.26,301.95,135.8,20.53,301.95
2018-10-22,1,1.87,109.86,40.99,309.22,115.54,19.1,309.22
2018-10-23,1,2.9,116.53,48.72,375.24,175.07,13.45,375.24
2018-10-24,1,3.36,122.76,38.32,409.71,193.42,15.24,409.71
2018-10-25,1,3.44,86.21,28.9,401.14,192.05,13.57,401.14
2018-10-26,1,3.26,55.69,37.25,377.3,188.41,10.22,377.3
2018-10-27,1,2.7,42.62,44.88,411.97,237.62,9.31,411.97
2018-10-28,1,1.62,51.36,36.52,454.65,290.68,8.89,454.65
2018-10-29,1,2.75,56.05,33.37,489.74,274.77,7.96,489.74
2018-10-30,1,2.87,47.66,39.75,409.81,213.21,7.13,409.81
2018-10-31,1,3.04,52.72,35.78,435.52,245.21,6.49,435.52
2018-01-11,1,2.92,53.47,37.03,411.07,228.11,6.44,411.07
2018-02-11,1,1.9,53.21,20.82,342.81,189.66,6.4,342.81
2018-03-11,1,0.64,54.22,13.4,157.51,82.65,6.03,157.51
2018-04-11,1,1.37,71.76,27.4,475.38,349.15,5.99,475.38
2018-05-11,1,1.06,67.72,42.58,341.82,205.45,4.77,341.82
2018-06-11,1,0.88,56.5,50.86,271.13,136.95,4.67,271.13
2018-07-11,1,2.27,64.34,23.66,522.4,420.66,18.77,522.4
2018-08-11,1,2.73,66.96,41.4,453.83,359.83,8.77,453.83
2018-09-11,1,2.67,69.62,32.29,474.03,283.26,7.57,474.03
2018-10-11,1,2.91,98.03,72.35,449.56,281.32,6.07,449.56
2018-11-11,1,3.1,132.74,65.31,450.15,254.07,7.5,450.15
2018-12-11,1,2.26,151.12,54.4,476.88,286.06,6.64,476.88
2018-11-13,1,1.72,94.84,41.61,259.89,157.12,5.24,259.89
2018-11-14,1,1.93,85.44,33.36,192.4,104.9,4.99,192.4
2018-11-15,1,1.28,81.33,43.22,261.06,157.85,4.22,261.06
2018-11-16,1,1.13,98.65,36.02,224.28,117.05,4.68,224.28
2018-11-17,1,2.06,93.07,37.66,268.98,149.65,5.91,268.98
2018-11-18,1,1.81,103.73,38.16,311.85,177.86,5.02,311.85
2018-11-19,1,1.81,110.23,35.71,345.6,201.99,5.73,345.6
2018-11-20,1,1.73,121.18,38.51,393.92,244.43,5.7,393.92
2018-11-21,1,1.7,126.82,28.1,289.47,130.67,7.68,289.47
2018-11-22,1,2.48,126.01,35.32,341.0,179.45,7.27,341.0
2018-11-23,1,0.95,84.09,26.46,268.34,114.65,5.71,268.34
2018-11-24,1,1.17,101.51,23.56,227.6,105.76,7.21,227.6
2018-11-25,1,1.95,119.57,30.45,349.89,189.86,10.72,349.89
2018-11-26,1,1.3,98.13,30.87,372.82,209.31,7.82,372.82
2018-11-27,1,2.41,92.64,26.58,337.5,180.6,6.14,337.5
2018-11-28,1,2.92,102.46,27.58,378.77,201.07,8.27,378.77
2018-11-29,1,1.6,108.96,25.38,334.19,188.26,4.97,334.19
2018-11-30,1,1.69,104.5,24.34,321.0,158.91,5.49,321.0
2018-01-12,1,2.82,91.47,27.06,313.55,173.3,7.23,313.55
2018-02-12,1,2.73,108.73,27.56,400.68,203.39,6.7,400.68
2018-03-12,1,3.22,117.44,27.66,437.75,241.75,6.43,437.75
2018-04-12,1,0.76,104.7,23.71,358.2,183.74,4.38,358.2
2018-05-12,1,0.87,113.62,27.04,440.68,254.17,6.54,440.68
2018-06-12,1,2.75,98.02,23.59,388.98,220.25,5.75,388.98
2018-07-12,1,2.77,99.73,24.07,387.04,224.82,5.53,387.04
2018-08-12,1,3.45,111.54,26.0,439.04,321.34,6.91,439.04
2018-09-12,1,3.4,103.32,27.19,552.17,213.32,6.7,552.17
2018-10-12,1,2.05,99.42,32.15,518.38,328.2,8.59,518.38
2018-11-12,1,3.04,86.59,42.24,378.44,255.5,12.89,378.44
2018-12-12,1,2.08,70.9,35.83,200.25,108.82,14.69,200.25
2018-12-13,1,1.53,76.13,35.61,244.91,133.63,14.44,244.91
2018-12-14,1,1.39,77.97,34.49,233.47,133.9,14.4,233.47
2018-12-15,1,2.65,80.79,35.55,236.92,141.46,16.1,236.92
2018-12-16,1,0.86,92.06,37.01,351.77,208.34,16.6,351.77
2018-12-17,1,2.95,102.44,99.61,412.43,231.82,25.68,412.43
2018-12-18,1,1.54,101.98,77.56,304.16,181.25,22.34,304.16
2018-12-19,1,2.8,97.74,109.21,435.83,241.6,21.82,435.83
2018-12-20,1,2.7,100.33,101.35,406.94,258.83,19.41,406.94
2018-12-21,1,3.35,128.88,110.53,484.9,339.45,21.53,484.9
2018-12-22,1,3.67,94.19,146.41,583.79,415.74,19.97,583.79
2018-12-23,1,2.32,94.27,127.33,586.24,473.46,20.67,586.24
2018-12-24,1,2.97,87.78,102.5,485.42,335.14,17.76,485.42
2018-12-25,1,0.97,92.99,66.41,320.16,219.7,18.39,320.16
2018-12-26,1,3.82,84.7,86.58,416.96,312.17,21.17,416.96
2018-12-27,1,1.12,63.63,59.42,374.58,253.28,18.2,374.58
2018-12-28,1,0.77,61.5,54.84,338.11,215.01,20.41,338.11
2018-12-29,1,2.0,61.84,81.99,470.58,353.27,23.28,470.58
2018-12-30,1,3.09,53.8,75.83,576.26,390.07,21.8,576.26
2018-12-31,1,2.47,48.49,55.26,472.02,291.12,21.03,472.02
2019-01-01,1,2.73,47.83,60.87,516.12,338.15,20.87,516.12
2019-02-01,1,2.02,57.55,57.43,532.81,396.86,20.47,532.81
2019-03-01,1,0.93,56.94,30.05,361.79,245.38,17.07,361.79
2019-04-01,1,0.4,51.77,40.36,487.8,325.29,18.29,487.8
2019-05-02,1,1.22,53.43,12.14,124.25,209.71,17.4,209.71
2019-06-02,1,1.82,38.66,13.98,132.05,96.42,17.04,132.05
2019-07-02,1,0.49,42.44,14.32,144.28,67.0,17.88,144.28
2019-08-02,1,1.32,46.54,14.45,156.46,69.13,18.47,156.46
2019-10-02,1,0.68,62.64,14.51,363.76,216.31,21.88,363.76
2019-11-02,1,1.13,77.0,13.46,418.51,241.88,21.13,418.51
2019-12-02,1,1.51,76.13,14.03,510.53,263.46,18.11,510.53
2019-02-13,1,1.32,97.93,10.6,403.53,194.61,17.03,403.53
2019-02-14,1,1.68,79.67,9.91,349.24,173.46,15.12,349.24
2019-02-15,1,5.36,53.32,14.58,204.94,145.83,21.53,204.94
2019-02-16,1,0.85,62.16,14.0,184.5,137.49,18.29,184.5
2019-02-17,1,1.26,66.79,22.37,147.3,80.3,11.9,147.3
2019-02-18,1,1.42,69.1,15.18,179.0,118.05,5.19,179.0
2019-02-19,1,2.13,98.06,12.17,289.5,173.8,8.52,289.5
2019-02-20,1,1.53,71.64,15.37,160.53,88.34,6.17,160.53
2019-02-21,1,1.78,65.4,14.92,210.6,106.58,6.81,210.6
2019-02-22,1,1.49,54.02,20.11,156.89,82.06,7.83,156.89
2019-02-23,1,1.09,78.78,16.38,173.65,114.22,11.31,173.65
2019-02-24,1,1.57,96.13,12.99,235.91,110.61,6.62,235.91
2019-02-25,1,1.18,88.35,13.77,119.43,65.75,7.63,119.43
2019-02-26,1,1.42,88.52,11.92,87.5,73.35,3.22,88.52
2019-02-27,1,1.73,70.41,13.76,174.73,76.92,12.2,174.73
2019-02-28,1,2.37,82.43,13.12,212.88,167.0,7.79,212.88
2019-01-03,1,1.86,108.11,9.43,226.14,138.5,7.96,226.14
2019-02-03,1,1.9,113.27,11.12,155.0,125.0,10.03,155.0
2019-03-03,1,2.2,61.52,22.33,137.16,87.27,7.43,137.16
2019-04-03,1,2.11,61.59,15.64,129.16,66.03,8.34,129.16
2019-05-03,1,3.11,76.95,13.45,179.08,101.92,7.54,179.08
2019-06-03,1,3.34,82.06,14.35,226.94,124.73,9.29,226.94
2019-07-03,1,2.06,96.49,13.22,220.61,106.22,7.8,220.61
2019-08-03,1,2.56,82.64,12.87,194.06,97.95,7.28,194.06
2019-09-03,1,1.45,88.44,11.19,156.88,82.56,4.68,156.88
2019-10-03,1,1.1,52.86,19.17,189.4,64.71,5.33,189.4
2019-11-03,1,1.35,75.03,13.71,129.34,77.91,3.32,129.34
2019-12-03,1,2.25,97.71,12.87,208.41,75.49,7.02,208.41
2019-03-13,1,1.76,91.44,12.72,285.43,118.13,6.69,285.43
2019-03-14,1,1.77,69.32,20.58,166.99,63.83,7.88,166.99
2019-03-15,1,1.34,64.4,62.04,140.18,80.32,6.34,140.18
2019-03-16,1,1.93,71.76,57.91,195.79,100.15,9.73,195.79
2019-03-17,1,0.92,70.6,80.45,198.5,110.98,14.19,198.5
2019-03-18,1,1.37,78.52,50.22,223.32,126.24,9.62,223.32
2019-03-19,1,1.94,70.43,54.56,246.59,84.4,6.83,246.59
2019-03-20,1,1.5,75.9,55.61,261.48,148.53,7.14,261.48
2019-03-21,1,1.03,58.67,62.31,129.9,49.03,6.63,129.9
2019-03-22,1,0.96,62.21,74.53,138.72,61.77,7.63,138.72
2019-03-23,1,1.21,67.39,62.92,132.34,72.31,7.09,132.34
2019-03-24,1,1.26,65.16,49.48,148.84,82.3,8.31,148.84
2019-03-25,1,1.32,69.46,44.86,164.49,86.05,7.2,164.49
2019-03-26,1,1.34,73.23,61.45,161.98,77.59,8.97,161.98
2019-03-27,1,1.75,85.41,63.32,222.16,116.6,9.07,222.16
2019-03-28,1,2.21,80.29,47.69,257.82,168.85,10.37,257.82
2019-03-29,1,1.8,76.45,52.29,222.36,58.36,7.08,222.36
2019-03-30,1,1.21,75.86,45.83,189.18,62.47,7.96,189.18
2019-03-31,1,1.28,64.38,62.56,173.31,49.85,13.41,173.31
2019-01-04,1,1.36,81.58,57.76,226.36,55.59,11.63,226.36
2019-02-04,1,1.41,85.42,51.49,213.07,43.5,10.66,213.07
2019-03-04,1,1.23,87.05,56.99,286.59,57.3,11.76,286.59
2019-04-04,1,2.01,92.8,57.42,284.48,57.55,14.98,284.48
2019-05-04,1,1.3,75.41,48.75,324.87,59.67,12.05,324.87
2019-07-04,1,1.24,57.83,53.16,277.81,65.52,6.99,277.81
2019-08-04,1,1.45,67.84,59.92,189.39,67.53,9.23,189.39
2019-09-04,1,2.19,76.15,49.52,262.47,56.42,11.13,262.47
2019-10-04,1,1.44,67.86,51.65,216.64,58.16,12.35,216.64
2019-11-04,1,1.61,61.34,50.31,247.97,63.62,11.34,247.97
2019-12-04,1,1.39,59.63,46.81,193.48,65.45,10.85,193.48
2019-04-13,1,1.39,61.67,46.07,152.03,56.25,11.02,152.03
2019-04-14,1,1.31,63.67,45.85,227.61,66.71,11.86,227.61
2019-04-15,1,2.03,69.04,39.53,207.64,46.43,11.4,207.64
2019-04-16,1,1.19,32.26,62.8,66.92,36.49,6.27,66.92
2019-04-17,1,1.2,47.77,63.68,69.08,42.9,8.05,69.08
2019-04-18,1,1.32,63.36,56.95,165.0,54.7,14.35,165.0
2019-04-19,1,1.42,77.27,63.8,179.22,61.0,19.5,179.22
2019-04-20,1,2.16,83.59,59.95,226.08,49.25,16.11,226.08
2019-04-21,1,1.85,88.15,58.19,252.35,51.33,15.15,252.35
2019-04-22,1,2.71,85.26,51.4,272.72,48.35,14.09,272.72
2019-04-23,1,2.06,73.87,71.43,263.92,70.62,9.5,263.92
2019-04-24,1,1.94,76.68,74.43,308.16,64.69,9.26,308.16
2019-04-25,1,0.22,79.57,55.34,247.45,61.06,12.21,247.45
2019-04-26,1,0.69,74.54,47.8,364.0,73.83,18.12,364.0
2019-04-27,1,1.41,65.17,61.05,270.38,84.85,15.81,270.38
2019-04-28,1,1.19,82.76,50.56,268.89,82.94,12.31,268.89
2019-04-29,1,2.42,74.95,87.82,267.56,54.43,12.55,267.56
2019-04-30,1,1.68,96.25,50.37,318.51,70.0,11.11,318.51
2019-01-05,1,1.68,94.09,53.16,320.86,83.26,10.55,320.86
2019-02-05,1,1.38,66.41,75.83,145.17,51.05,11.0,145.17
2019-03-05,1,1.62,77.81,49.76,202.38,71.9,8.88,202.38
2019-04-05,1,1.16,36.1,128.99,158.23,56.22,6.63,158.23
2019-05-05,1,1.95,85.66,59.64,271.35,63.63,10.58,271.35
2019-06-05,1,2.45,85.66,41.0,370.88,40.0,10.92,370.88
2019-07-05,1,2.68,79.04,42.49,415.69,65.0,10.09,415.69
2019-08-05,1,1.92,68.28,46.3,402.86,74.33,6.8,402.86
2019-09-05,1,1.68,64.72,51.41,294.32,69.26,6.53,294.32
2019-10-05,1,1.72,62.42,57.82,280.75,64.93,7.42,280.75
2019-11-05,1,1.44,59.41,70.5,421.43,60.4,7.51,421.43
2019-12-05,1,1.97,91.33,71.35,348.45,84.88,12.12,348.45
2019-05-13,1,1.16,40.05,81.42,119.38,56.03,4.37,119.38
2019-05-14,1,2.02,88.73,40.37,221.71,74.71,5.97,221.71
2019-05-15,1,0.91,74.41,50.3,203.54,71.12,4.53,203.54
2019-05-16,1,1.76,65.3,48.16,278.24,72.51,4.47,278.24
2019-05-17,1,1.68,44.61,53.08,88.24,40.56,2.7,88.24
2019-05-18,1,1.65,51.86,75.58,150.53,59.52,5.77,150.53
2019-05-19,1,1.86,70.66,49.27,198.64,72.42,7.52,198.64
2019-05-20,1,1.5,62.63,62.22,184.82,48.37,8.35,184.82
2019-05-21,1,1.27,60.48,41.63,169.02,52.46,4.75,169.02
2019-05-22,1,1.84,77.66,55.86,235.16,66.69,5.43,235.16
2019-05-23,1,1.36,49.18,31.76,132.09,41.0,3.12,132.09
2019-05-24,1,1.39,44.81,60.88,133.8,56.47,4.77,133.8
2019-05-25,1,1.38,51.06,75.34,123.41,58.65,4.67,123.41
2019-05-26,1,1.73,67.48,63.6,152.48,58.5,6.81,152.48
2019-05-27,1,1.8,71.58,66.16,159.63,55.93,9.07,159.63
2019-05-28,1,1.69,72.51,71.8,158.14,54.64,8.82,158.14
2019-05-29,1,2.8,81.4,56.11,245.18,62.48,7.36,245.18
2019-05-30,1,2.18,60.36,60.95,295.33,70.25,7.85,295.33
2019-05-31,1,2.59,77.57,41.06,263.76,67.93,6.55,263.76
2019-01-06,1,1.56,45.85,66.4,210.4,80.9,3.55,210.4
2019-02-06,1,1.5,38.38,60.33,290.86,80.78,2.58,290.86
2019-03-06,1,1.4,33.55,85.69,149.76,50.01,2.87,149.76
2019-04-06,1,1.68,49.2,73.08,179.23,76.5,3.28,179.23
2019-05-06,1,1.71,54.75,52.53,215.29,72.07,4.79,215.29
2019-06-06,1,1.48,43.89,84.9,153.42,53.1,2.84,153.42
2019-07-06,1,1.54,65.88,82.11,163.55,70.55,2.53,163.55
2019-08-06,1,2.34,85.65,60.93,226.64,78.94,3.98,226.64
2019-09-06,1,2.2,85.57,51.92,234.48,72.76,4.29,234.48
2019-10-06,1,2.44,77.28,38.24,437.33,57.61,7.3,437.33
2019-11-06,1,2.13,57.34,54.56,257.81,57.5,7.94,257.81
2019-12-06,1,1.37,35.45,65.16,178.52,60.34,5.48,178.52
2019-06-13,1,1.6,43.2,70.48,168.05,54.44,6.88,168.05
2019-06-14,1,2.17,76.72,61.28,248.62,75.42,10.01,248.62
2019-06-15,1,1.33,31.08,51.76,180.37,50.84,6.19,180.37
2019-06-16,1,1.39,31.17,42.6,121.98,51.93,5.37,121.98
2019-06-17,1,1.45,42.31,54.68,86.89,36.73,6.59,86.89
2019-06-18,1,1.89,67.63,52.67,221.1,63.15,6.27,221.1
2019-06-19,1,1.26,31.06,74.63,91.65,40.11,5.77,91.65
2019-06-20,1,1.52,55.56,74.13,159.23,71.23,5.36,159.23
2019-06-21,1,1.81,69.79,77.09,139.59,66.51,7.18,139.59
2019-06-22,1,1.63,54.68,44.51,130.81,54.97,6.33,130.81
2019-06-23,1,1.38,34.5,47.62,125.13,38.06,5.07,125.13
2019-06-24,1,1.33,39.64,61.74,89.73,44.75,6.67,89.73
2019-06-25,1,1.38,57.16,63.62,162.57,64.35,5.2,162.57
2019-06-26,1,1.78,63.18,55.68,234.15,61.56,6.82,234.15
2019-06-27,1,1.4,52.87,43.04,268.81,65.18,6.77,268.81
2019-06-28,1,1.35,38.44,44.32,279.17,64.27,6.53,279.17
2019-06-29,1,1.6,46.62,37.53,278.64,69.14,5.88,278.64
2019-06-30,1,1.53,45.78,61.42,181.92,54.33,4.94,181.92
2019-01-07,1,1.4,46.13,66.36,247.08,64.29,4.7,247.08
2019-02-07,1,1.44,34.83,40.81,129.24,64.06,5.86,129.24
2019-03-07,1,1.49,36.28,31.32,94.89,49.83,7.2,94.89
2019-04-07,1,1.68,56.66,21.03,112.28,61.24,4.6,112.28
2019-05-07,1,1.51,35.44,31.67,73.66,42.69,5.26,73.66
2019-06-07,1,1.56,34.54,38.09,71.15,40.99,5.18,71.15
2019-07-07,1,1.61,50.77,33.78,140.84,53.77,7.47,140.84
2019-08-07,1,1.61,42.35,18.51,143.22,66.77,5.14,143.22
2019-09-07,1,1.49,36.56,17.45,222.72,70.79,5.6,222.72
2019-10-07,1,1.42,35.82,20.33,378.46,70.79,5.0,378.46
2019-11-07,1,1.51,34.8,18.03,397.84,68.94,5.79,397.84
2019-12-07,1,1.51,31.37,22.36,363.41,66.54,5.51,363.41
2019-07-13,1,1.45,32.85,21.91,287.16,74.61,4.91,287.16
2019-07-14,1,1.47,42.23,23.24,225.86,51.91,5.83,225.86
2019-07-15,1,1.62,49.67,23.99,82.61,43.68,5.75,82.61
2019-07-16,1,1.48,40.25,35.04,65.0,35.84,5.62,65.0
2019-07-17,1,1.61,42.32,30.07,75.25,42.21,5.95,75.25
2019-07-18,1,2.08,41.4,46.1,121.34,51.84,9.13,121.34
2019-07-19,1,1.71,53.11,33.3,144.08,53.73,6.46,144.08
2019-07-20,1,1.76,45.89,37.32,120.54,48.92,4.69,120.54
2019-07-21,1,1.97,44.09,22.62,101.96,49.92,6.18,101.96
2019-07-22,1,2.05,52.49,36.36,154.05,66.17,6.14,154.05
2019-07-23,1,1.72,64.12,32.1,179.38,71.57,5.56,179.38
2019-07-24,1,1.54,34.35,21.11,51.01,33.03,5.81,51.01
2019-07-25,1,1.73,40.6,19.04,64.62,33.3,5.25,64.62
2019-07-26,1,1.49,36.3,25.2,40.15,27.63,5.48,40.15
2019-07-27,1,1.57,30.19,18.08,54.51,28.46,5.2,54.51
2019-07-28,1,1.54,31.67,19.76,52.33,32.36,5.23,52.33
2019-07-29,1,1.56,39.82,18.74,70.77,37.3,5.46,70.77
2019-07-30,1,1.6,37.89,24.57,76.14,37.89,5.9,76.14
2019-07-31,1,1.55,36.34,25.85,70.43,32.73,4.79,70.43
2019-01-08,1,1.59,38.41,23.27,74.08,36.01,5.74,74.08
2019-02-08,1,1.7,43.18,23.05,91.21,45.27,4.41,91.21
2019-03-08,1,1.66,40.67,28.57,94.48,50.24,5.52,94.48
2019-04-08,1,1.91,36.79,22.6,96.83,62.21,5.99,96.83
2019-05-08,1,1.64,40.93,15.11,67.32,47.8,4.93,67.32
2019-06-08,1,1.94,43.34,23.18,78.32,41.2,6.33,78.32
2019-07-08,1,1.53,36.16,17.85,58.18,22.67,5.78,58.18
2019-08-08,1,1.52,35.0,17.03,56.2,13.84,6.25,56.2
2019-09-08,1,1.43,25.16,20.55,43.42,20.97,5.19,43.42
2019-10-08,1,1.42,25.33,22.62,49.21,30.26,5.77,49.21
2019-11-08,1,1.49,29.54,20.36,41.58,19.82,5.45,41.58
2019-12-08,1,1.7,33.12,17.08,58.7,22.23,5.54,58.7
2019-08-13,1,1.66,38.09,33.78,52.57,27.58,5.82,52.57
2019-08-14,1,2.09,41.59,16.69,75.69,40.04,6.02,75.69
2019-08-15,1,1.48,28.69,17.87,36.71,16.86,6.11,36.71
2019-08-16,1,1.46,20.94,12.2,25.08,11.98,4.73,25.08
2019-08-17,1,1.39,17.06,15.58,12.46,9.15,5.35,17.06
2019-08-18,1,1.45,26.01,40.97,64.7,19.03,4.11,64.7
2019-08-19,1,1.8,37.19,22.03,105.43,48.54,5.1,105.43
2019-08-20,1,1.61,39.25,29.69,129.38,43.19,6.18,129.38
2019-08-21,1,1.79,45.6,25.85,123.02,36.86,6.71,123.02
2019-08-22,1,1.69,40.33,30.11,121.98,51.96,5.99,121.98
2019-08-23,1,2.34,43.96,28.41,138.46,63.4,6.55,138.46
2019-08-24,1,1.54,33.69,27.03,79.61,43.26,4.74,79.61
2019-08-25,1,1.5,32.73,21.89,50.57,22.41,5.54,50.57
2019-08-26,1,1.62,37.98,26.34,73.83,27.35,6.11,73.83
2019-08-27,1,1.66,38.72,26.41,87.17,37.5,6.51,87.17
2019-08-28,1,1.58,33.65,30.85,77.42,38.33,6.27,77.42
2019-08-29,1,1.53,30.62,34.51,82.36,31.82,6.06,82.36
2019-08-30,1,1.8,42.09,38.29,102.21,42.67,6.77,102.21
2019-08-31,1,2.04,53.22,27.53,108.58,41.79,7.05,108.58
2019-01-09,1,1.68,40.15,55.31,86.67,37.67,18.03,86.67
2019-02-09,1,1.87,60.22,39.79,152.96,80.55,16.59,152.96
2019-03-09,1,1.78,62.79,38.05,190.1,75.31,7.43,190.1
2019-04-09,1,1.58,32.66,30.66,89.19,38.22,3.84,89.19
2019-05-09,1,1.6,34.91,29.6,89.2,38.47,6.16,89.2
2019-06-09,1,1.56,33.09,33.19,77.04,36.14,6.45,77.04
2019-07-09,1,1.63,35.39,41.61,82.19,43.44,5.5,82.19
2019-08-09,1,1.84,43.4,37.56,150.78,66.33,6.77,150.78
2019-09-09,1,1.94,46.02,51.29,151.98,67.53,6.74,151.98
2019-10-09,1,2.0,54.26,59.66,203.57,68.09,6.28,203.57
2019-11-09,1,1.92,53.06,29.05,178.71,63.21,6.67,178.71
2019-12-09,1,1.54,30.26,27.34,84.48,39.39,5.61,84.48
2019-09-13,1,1.52,31.21,40.5,65.08,28.86,8.15,65.08
2019-09-14,1,1.58,27.16,35.84,67.0,38.33,6.08,67.0
2019-09-15,1,1.74,36.88,56.89,117.1,54.05,6.94,117.1
2019-09-16,1,1.78,59.34,59.79,144.7,54.65,5.61,144.7
2019-09-17,1,1.48,42.2,50.57,106.23,42.74,4.9,106.23
2019-09-18,1,1.48,26.62,39.81,58.83,27.9,7.51,58.83
2019-09-19,1,1.5,34.39,34.37,76.66,37.92,6.69,76.66
2019-09-20,1,1.61,37.38,40.81,102.7,43.29,6.53,102.7
2019-09-21,1,1.61,35.95,27.24,57.68,29.96,6.14,57.68
2019-09-22,1,1.51,35.26,38.37,67.77,32.11,5.47,67.77
2019-09-23,1,1.48,42.22,38.93,86.48,42.35,6.06,86.48
2019-09-24,1,1.3,41.87,40.14,75.3,29.34,6.2,75.3
2019-09-25,1,0.84,31.97,27.07,60.18,25.19,6.17,60.18
2019-09-26,1,0.7,12.86,23.26,50.29,10.77,4.26,50.29
2019-09-27,1,0.89,10.95,24.59,54.61,17.81,2.46,54.61
2019-09-29,1,2.42,0.4,34.48,52.58,19.53,2.89,52.58
2019-09-30,1,0.82,0.92,39.82,73.83,27.58,5.45,73.83
2019-01-10,1,0.86,0.5,52.83,77.22,33.49,3.36,77.22
2019-02-10,1,1.62,0.28,59.59,155.11,56.64,5.46,155.11
2019-03-10,1,0.92,22.46,49.04,100.5,39.19,3.44,100.5
2019-04-10,1,1.26,46.19,50.64,108.94,36.63,3.94,108.94
2019-05-10,1,1.35,52.47,64.98,164.78,55.64,4.23,164.78
2019-06-10,1,0.98,54.35,44.97,150.04,55.8,3.24,150.04
2019-07-10,1,0.56,41.56,56.49,114.09,36.82,3.09,114.09
2019-08-10,1,1.91,47.16,64.14,175.28,62.01,4.52,175.28
2019-09-10,1,2.13,69.58,73.5,192.61,70.07,5.65,192.61
2019-10-10,1,0.4,73.5,67.79,209.95,69.9,3.47,209.95
2019-11-10,1,0.42,69.96,59.16,197.85,79.14,5.1,197.85
2019-12-10,1,0.36,68.96,53.32,243.62,82.28,4.85,243.62
2019-10-13,1,0.42,62.26,52.68,239.53,81.17,5.53,239.53
2019-10-14,1,0.97,65.04,63.28,264.89,79.47,6.81,264.89
2019-10-15,1,1.31,76.19,68.26,282.46,97.0,9.28,282.46
2019-10-16,1,1.27,69.83,43.62,250.18,86.18,7.84,250.18
2019-10-17,1,1.75,63.14,38.75,205.27,73.85,9.35,205.27
2019-10-18,1,0.47,56.55,52.38,157.01,52.05,10.74,157.01
2019-10-19,1,0.93,33.97,41.37,224.83,56.25,8.28,224.83
2019-10-20,1,0.67,30.99,45.36,229.62,57.8,8.34,229.62
2019-10-21,1,0.11,31.54,43.17,193.96,56.5,8.87,193.96
2019-10-22,1,1.45,45.11,20.42,252.67,78.0,7.62,252.67
2019-10-23,1,2.69,93.39,20.33,305.08,79.67,10.69,305.08
2019-10-24,1,2.75,61.69,20.8,287.1,84.5,11.3,287.1
2019-10-25,1,2.52,36.16,20.91,279.0,90.47,11.68,279.0
2019-10-26,1,2.0,36.05,21.54,343.25,62.83,10.41,343.25
2019-10-27,1,1.07,38.94,23.38,426.18,318.88,15.74,426.18
2019-10-28,1,1.72,80.55,20.48,427.24,221.38,11.5,427.24
2019-10-29,1,2.38,39.08,23.94,429.21,212.35,10.47,429.21
2019-10-30,1,2.4,43.77,25.26,424.58,192.61,12.09,424.58
2019-10-31,1,2.29,57.61,26.65,600.25,346.92,11.55,600.25
2019-01-11,1,1.0,45.58,21.8,361.08,209.5,10.47,361.08
2019-02-11,1,1.63,36.48,22.01,701.86,519.92,11.42,701.86
2019-03-11,1,0.99,35.59,26.59,322.62,218.96,11.29,322.62
2019-04-11,1,0.94,37.95,27.28,250.07,146.06,13.19,250.07
2019-05-11,1,1.73,34.19,23.34,194.19,84.0,12.41,194.19
2019-06-11,1,1.1,17.76,18.27,267.81,147.69,11.49,267.81
2019-07-11,1,1.28,6.44,27.54,260.42,154.9,10.02,260.42
2019-08-11,1,1.2,14.51,26.45,226.84,132.26,10.92,226.84
2019-09-11,1,0.91,28.03,30.9,265.6,166.24,11.99,265.6
2019-10-11,1,1.67,34.99,32.7,335.46,201.93,11.98,335.46
2019-11-11,1,1.51,38.56,37.0,449.28,295.74,12.53,449.28
2019-12-11,1,1.87,55.97,33.08,530.21,342.64,13.15,530.21
2019-11-13,1,2.72,95.26,21.39,512.68,345.02,12.76,512.68
2019-11-14,1,2.26,68.97,37.74,621.22,438.46,12.03,621.22
2019-11-15,1,0.74,43.24,31.41,314.17,189.6,13.1,314.17
2019-11-16,1,0.57,24.31,35.14,173.5,92.52,11.55,173.5
2019-11-17,1,0.74,7.68,35.46,161.25,90.24,10.66,161.25
2019-11-18,1,1.4,9.43,36.97,197.33,100.71,11.61,197.33
2019-11-19,1,1.63,17.72,40.26,258.36,128.56,12.45,258.36
2019-11-20,1,3.35,52.14,55.69,343.83,181.41,14.49,343.83
2019-11-21,1,2.43,47.75,47.41,324.65,169.71,13.29,324.65
2019-11-22,1,2.13,30.8,30.46,283.89,139.36,12.52,283.89
2019-11-23,1,0.58,27.43,31.97,182.73,89.84,12.77,182.73
2019-11-24,1,0.87,38.36,26.02,203.95,98.2,13.32,203.95
2019-11-25,1,2.64,53.89,71.76,260.42,123.71,14.58,260.42
2019-11-26,1,0.66,45.86,26.19,140.0,53.67,12.78,140.0
2019-11-27,1,0.45,29.04,29.8,80.61,37.83,11.67,80.61
2019-11-28,1,0.54,28.54,26.59,78.42,33.96,12.97,78.42
2019-11-29,1,1.0,40.02,25.19,146.33,79.46,10.46,146.33
2019-11-30,1,0.85,37.88,32.13,169.38,95.67,10.87,169.38
2019-01-12,1,1.22,47.79,31.64,217.4,108.94,10.89,217.4
2019-02-12,1,1.56,50.64,35.99,246.11,103.44,13.37,246.11
2019-03-12,1,1.48,55.21,29.41,240.43,110.69,12.05,240.43
2019-04-12,1,2.99,64.9,30.58,361.39,186.15,12.34,361.39
2019-05-12,1,2.01,65.39,25.79,408.79,237.47,13.13,408.79
2019-06-12,1,1.25,57.26,28.25,362.36,203.68,12.36,362.36
2019-07-12,1,2.43,51.31,33.32,357.74,217.69,12.97,357.74
2019-08-12,1,2.05,50.43,37.16,316.07,159.87,9.38,316.07
2019-09-12,1,2.1,37.37,38.77,380.92,208.42,12.85,380.92
2019-10-12,1,2.7,41.65,30.28,443.24,263.48,13.87,443.24
2019-11-12,1,1.4,59.19,32.14,431.15,253.15,10.86,431.15
2019-12-12,1,0.53,36.22,26.04,140.08,98.46,10.59,140.08
2019-12-13,1,0.47,31.05,22.74,101.75,63.0,12.36,101.75
2019-12-14,1,0.85,32.96,23.67,157.46,88.0,11.21,157.46
2019-12-15,1,0.47,28.42,19.31,134.06,78.11,12.32,134.06
2019-12-16,1,0.41,22.17,22.16,114.92,65.72,10.25,114.92
2019-12-17,1,1.04,29.69,28.4,185.47,109.0,11.44,185.47
2019-12-18,1,2.26,30.52,18.35,359.28,212.91,12.87,359.28
2019-12-19,1,1.29,31.67,20.88,400.16,246.92,13.35,400.16
2019-12-20,1,1.06,41.44,20.89,347.39,209.72,12.78,347.39
2019-12-21,1,0.78,21.47,19.95,211.75,123.67,8.24,211.75
2019-12-22,1,0.74,33.16,23.42,219.18,125.48,12.88,219.18
2019-12-23,1,1.59,51.2,23.76,402.12,214.55,11.16,402.12
2019-12-24,1,1.12,38.39,20.11,305.19,158.1,9.97,305.19
2019-12-25,1,0.62,32.48,20.82,289.96,153.3,9.37,289.96
2019-12-26,1,0.98,40.9,18.64,323.11,162.76,10.27,323.11
2019-12-27,1,1.74,27.17,22.96,462.66,237.48,11.43,462.66
2019-12-28,1,2.15,5.73,31.44,544.94,284.02,10.73,544.94
2019-12-29,1,1.84,68.6,19.64,566.38,308.67,10.69,566.38
2019-12-30,1,0.68,18.59,21.1,281.9,159.37,9.68,281.9
2019-12-31,1,2.35,16.56,25.54,561.44,422.59,13.42,561.44
2020-01-01,1,2.05,17.33,42.52,515.92,315.51,14.3,515.92
2020-02-01,1,2.14,9.43,31.66,409.11,217.68,14.92,409.11
2020-03-01,1,1.95,12.99,40.61,291.35,146.06,12.62,291.35
2020-04-01,1,0.9,67.22,24.4,252.8,121.07,12.31,252.8
2020-05-01,1,1.08,72.77,15.92,262.95,125.74,14.34,262.95
2020-06-01,1,0.77,52.52,19.77,145.48,72.93,13.03,145.48
2020-07-01,1,0.74,44.4,16.71,150.33,89.48,11.12,150.33
2020-08-01,1,0.39,28.0,20.09,124.89,74.69,10.65,124.89
2020-09-01,1,0.77,40.81,21.44,183.31,99.29,11.42,183.31
2020-10-01,1,1.24,51.53,26.0,231.74,112.3,13.7,231.74
2020-11-01,1,3.59,64.55,21.52,319.01,169.1,12.78,319.01
2020-12-01,1,0.25,63.61,21.82,418.15,225.48,14.14,418.15
2020-01-13,1,0.72,36.29,22.54,183.67,101.94,10.95,183.67
2020-01-14,1,0.85,40.25,23.11,163.92,82.55,11.88,163.92
2020-01-15,1,0.95,43.73,16.77,198.19,104.3,13.41,198.19
2020-01-16,1,0.93,28.75,25.8,149.49,94.51,11.84,149.49
2020-01-17,1,1.11,38.38,26.94,178.78,99.19,12.27,178.78
2020-01-18,1,0.68,31.87,29.56,195.97,109.94,9.96,195.97
2020-01-19,1,0.55,27.83,24.86,177.12,93.88,10.46,177.12
2020-01-20,1,1.82,45.02,19.94,306.95,161.77,12.08,306.95
2020-01-21,1,2.37,74.14,15.53,369.82,197.02,12.1,369.82
2020-01-22,1,0.41,12.95,24.62,148.52,62.13,11.12,148.52
2020-01-23,1,0.55,11.64,26.44,129.02,46.93,16.18,129.02
2020-01-24,1,1.38,49.0,22.08,216.21,97.64,11.74,216.21
2020-01-25,1,2.58,65.05,21.42,293.55,160.3,13.47,293.55
2020-01-26,1,3.12,99.0,12.56,357.91,182.96,13.42,357.91
2020-01-27,1,0.54,47.33,14.28,158.81,93.87,11.5,158.81
2020-01-28,1,0.38,5.67,17.06,121.13,68.48,10.57,121.13
2020-01-29,1,0.27,35.49,25.8,124.23,41.0,10.3,124.23
2020-01-30,1,0.66,34.56,17.11,163.02,62.18,10.46,163.02
2020-01-31,1,1.36,36.71,19.46,262.39,94.17,10.57,262.39
2020-01-02,1,0.78,29.31,19.77,226.15,95.64,10.42,226.15
2020-02-02,1,0.67,44.8,22.05,223.53,95.28,10.37,223.53
2020-03-02,1,2.18,65.35,22.71,385.79,151.78,11.92,385.79
2020-04-02,1,2.17,67.53,20.97,347.87,147.92,11.43,347.87
2020-05-02,1,0.63,35.64,21.06,211.22,89.36,10.89,211.22
2020-06-02,1,1.46,42.83,17.73,300.97,130.88,12.05,300.97
2020-07-02,1,0.65,42.24,18.41,257.33,119.0,11.05,257.33
2020-08-02,1,0.73,51.08,20.34,252.56,115.08,10.41,252.56
2020-09-02,1,0.88,65.65,20.88,330.54,147.53,11.67,330.54
2020-10-02,1,1.6,81.06,19.73,362.72,156.9,10.76,362.72
2020-11-02,1,0.78,81.04,20.39,371.29,161.5,11.49,371.29
2020-12-02,1,0.44,41.16,23.05,224.23,86.79,12.04,224.23
2020-02-13,1,0.33,30.15,29.09,234.93,65.0,10.71,234.93
2020-02-14,1,0.35,37.76,25.0,188.24,59.21,12.48,188.24
2020-02-15,1,0.52,71.73,21.53,207.82,82.5,11.2,207.82
2020-02-16,1,1.29,90.3,20.09,343.55,147.77,12.61,343.55
2020-02-17,1,0.56,74.6,21.78,254.62,98.86,12.09,254.62
2020-02-18,1,1.29,96.36,22.42,298.41,108.12,11.88,298.41
2020-02-19,1,0.45,51.33,29.83,228.39,72.25,11.74,228.39
2020-02-20,1,0.36,42.33,20.83,114.83,49.0,10.45,114.83
2020-02-21,1,0.36,42.25,14.09,96.42,39.58,11.31,96.42
2020-02-22,1,1.14,55.55,15.84,199.29,86.71,11.8,199.29
2020-02-23,1,0.47,46.72,16.33,135.78,50.82,10.89,135.78
2020-02-24,1,0.64,52.96,19.93,210.09,94.94,10.45,210.09
2020-02-25,1,0.92,61.15,16.81,244.28,111.6,11.26,244.28
2020-02-26,1,0.9,53.09,21.48,205.28,91.21,10.08,205.28
2020-02-27,1,0.4,35.61,21.34,153.61,65.53,10.54,153.61
2020-02-28,1,0.28,26.06,22.16,117.33,50.12,9.76,117.33
2020-02-29,1,0.2,26.34,18.63,41.3,19.3,10.77,41.3
2020-01-03,1,1.35,41.29,21.42,187.07,75.83,11.96,187.07
2020-02-03,1,0.72,37.06,27.57,196.57,76.67,11.72,196.57
2020-03-03,1,0.95,42.57,22.84,192.67,70.86,10.51,192.67
2020-04-03,1,0.33,29.66,19.29,63.49,21.5,10.54,63.49
2020-05-03,1,0.21,24.65,21.0,41.38,16.35,10.36,41.38
2020-06-03,1,0.38,23.41,43.42,48.67,21.85,11.71,48.67
2020-07-03,1,1.16,24.83,10.84,143.12,60.23,13.58,143.12
2020-08-03,1,0.42,17.54,8.03,128.09,46.26,14.16,128.09
2020-09-03,1,0.98,32.47,7.99,172.12,76.77,14.67,172.12
2020-10-03,1,0.33,30.0,8.02,103.1,45.07,13.26,103.1
2020-11-03,1,0.21,21.88,17.52,117.54,40.35,14.21,117.54
2020-12-03,1,0.75,44.01,37.29,196.03,59.0,14.87,196.03
2020-03-13,1,0.31,45.91,27.42,83.23,26.3,11.83,83.23
2020-03-14,1,0.52,55.93,32.95,104.78,39.55,11.34,104.78
2020-03-15,1,0.36,59.77,38.28,131.69,49.72,11.86,131.69
2020-03-16,1,0.56,61.79,44.79,143.49,52.16,13.05,143.49
2020-03-17,1,0.87,67.51,45.83,151.99,57.03,13.75,151.99
2020-03-18,1,0.86,69.49,42.34,170.38,66.16,15.76,170.38
2020-03-19,1,0.65,83.76,50.9,176.99,69.01,19.06,176.99
2020-03-20,1,0.65,65.74,48.4,152.34,58.62,17.67,152.34
2020-03-21,1,1.05,64.77,42.69,159.17,72.38,16.03,159.17
2020-03-22,1,0.35,26.53,61.18,88.17,39.67,13.99,88.17
2020-03-23,1,0.74,41.99,39.34,122.86,51.48,15.95,122.86
2020-03-24,1,0.32,21.99,36.19,52.11,21.27,11.91,52.11
2020-03-25,1,0.32,13.78,40.45,65.32,26.17,13.26,65.32
2020-03-26,1,0.3,14.94,33.3,56.78,24.82,12.16,56.78
2020-03-27,1,0.16,12.92,42.0,26.87,13.44,10.73,42.0
2020-03-28,1,0.19,11.22,51.01,50.76,20.87,11.5,51.01
2020-03-29,1,0.23,12.22,62.17,62.26,24.48,12.8,62.26
2020-03-30,1,0.25,14.94,62.77,58.29,25.19,14.31,62.77
2020-03-31,1,0.32,11.47,62.12,57.9,21.81,15.45,62.12
2020-01-04,1,0.38,8.4,63.34,61.98,19.28,13.23,63.34
2020-08-04,1,0.72,15.67,74.79,73.29,15.0,9.51,74.79
